im_filename,mask_filename,class_ids
images/J-club_K-club_7b9bf876.jpg,masks/mask_J-club_K-club_7b9bf876.jpg,J-club_K-club
images/6-club_K-spade_5bd99aeb.jpg,masks/mask_6-club_K-spade_5bd99aeb.jpg,6-club_K-spade
images/3-heart_6-spade_4342287f.jpg,masks/mask_3-heart_6-spade_4342287f.jpg,3-heart_6-spade
images/7-diamond_J-heart_46ced21b.jpg,masks/mask_7-diamond_J-heart_46ced21b.jpg,7-diamond_J-heart
images/7-heart_A-diamond_5db2b379.jpg,masks/mask_7-heart_A-diamond_5db2b379.jpg,7-heart_A-diamond
images/A-spade_10-club_30c78a81.jpg,masks/mask_A-spade_10-club_30c78a81.jpg,A-spade_10-club
images/J-club_Q-heart_86b17016.jpg,masks/mask_J-club_Q-heart_86b17016.jpg,J-club_Q-heart
images/Q-heart_8-heart_b607e5d3.jpg,masks/mask_Q-heart_8-heart_b607e5d3.jpg,Q-heart_8-heart
images/10-club_8-heart_4ccaee0d.jpg,masks/mask_10-club_8-heart_4ccaee0d.jpg,10-club_8-heart
images/10-spade_Q-heart_852e4727.jpg,masks/mask_10-spade_Q-heart_852e4727.jpg,10-spade_Q-heart
images/9-heart_4-diamond_41d6c722.jpg,masks/mask_9-heart_4-diamond_41d6c722.jpg,9-heart_4-diamond
images/J-heart_Q-club_a4794a81.jpg,masks/mask_J-heart_Q-club_a4794a81.jpg,J-heart_Q-club
images/3-diamond_A-club_acf7c11f.jpg,masks/mask_3-diamond_A-club_acf7c11f.jpg,3-diamond_A-club
images/5-heart_J-club_fecb11c9.jpg,masks/mask_5-heart_J-club_fecb11c9.jpg,5-heart_J-club
images/K-club_10-heart_128bf263.jpg,masks/mask_K-club_10-heart_128bf263.jpg,K-club_10-heart
images/6-diamond_A-spade_4845aba9.jpg,masks/mask_6-diamond_A-spade_4845aba9.jpg,6-diamond_A-spade
images/7-club_Q-heart_af8c126a.jpg,masks/mask_7-club_Q-heart_af8c126a.jpg,7-club_Q-heart
images/9-club_10-heart_bded8c0d.jpg,masks/mask_9-club_10-heart_bded8c0d.jpg,9-club_10-heart
images/Q-club_K-heart_c47b083d.jpg,masks/mask_Q-club_K-heart_c47b083d.jpg,Q-club_K-heart
images/2-heart_5-diamond_3ccf6943.jpg,masks/mask_2-heart_5-diamond_3ccf6943.jpg,2-heart_5-diamond
images/7-club_5-spade_ffd71f5a.jpg,masks/mask_7-club_5-spade_ffd71f5a.jpg,7-club_5-spade
images/5-heart_6-spade_5cdf38a6.jpg,masks/mask_5-heart_6-spade_5cdf38a6.jpg,5-heart_6-spade
images/A-club_5-diamond_89f7ffdb.jpg,masks/mask_A-club_5-diamond_89f7ffdb.jpg,A-club_5-diamond
images/3-club_7-club_1f635301.jpg,masks/mask_3-club_7-club_1f635301.jpg,3-club_7-club
images/8-spade_2-diamond_194990d8.jpg,masks/mask_8-spade_2-diamond_194990d8.jpg,8-spade_2-diamond
images/8-club_6-spade_f6297d10.jpg,masks/mask_8-club_6-spade_f6297d10.jpg,8-club_6-spade
images/K-spade_A-heart_543bf878.jpg,masks/mask_K-spade_A-heart_543bf878.jpg,K-spade_A-heart
images/9-diamond_5-diamond_2021c5f3.jpg,masks/mask_9-diamond_5-diamond_2021c5f3.jpg,9-diamond_5-diamond
images/2-heart_8-diamond_7d8f8215.jpg,masks/mask_2-heart_8-diamond_7d8f8215.jpg,2-heart_8-diamond
images/J-club_K-spade_bb063d35.jpg,masks/mask_J-club_K-spade_bb063d35.jpg,J-club_K-spade
images/K-club_K-heart_be9f6e5e.jpg,masks/mask_K-club_K-heart_be9f6e5e.jpg,K-club_K-heart
images/4-club_6-heart_459c8b43.jpg,masks/mask_4-club_6-heart_459c8b43.jpg,4-club_6-heart
images/Q-spade_4-heart_8206f33d.jpg,masks/mask_Q-spade_4-heart_8206f33d.jpg,Q-spade_4-heart
images/3-heart_Q-club_329274b7.jpg,masks/mask_3-heart_Q-club_329274b7.jpg,3-heart_Q-club
images/J-heart_9-diamond_b232928f.jpg,masks/mask_J-heart_9-diamond_b232928f.jpg,J-heart_9-diamond
images/10-heart_7-club_0b32f7a1.jpg,masks/mask_10-heart_7-club_0b32f7a1.jpg,10-heart_7-club
images/9-spade_K-spade_329d6783.jpg,masks/mask_9-spade_K-spade_329d6783.jpg,9-spade_K-spade
images/A-diamond_A-club_d920a99b.jpg,masks/mask_A-diamond_A-club_d920a99b.jpg,A-diamond_A-club
images/3-club_9-spade_64603386.jpg,masks/mask_3-club_9-spade_64603386.jpg,3-club_9-spade
images/4-diamond_9-heart_bc96abe9.jpg,masks/mask_4-diamond_9-heart_bc96abe9.jpg,4-diamond_9-heart
images/J-club_2-diamond_ffa85ea8.jpg,masks/mask_J-club_2-diamond_ffa85ea8.jpg,J-club_2-diamond
images/9-heart_2-club_8cc5ac26.jpg,masks/mask_9-heart_2-club_8cc5ac26.jpg,9-heart_2-club
images/10-spade_7-spade_97883c69.jpg,masks/mask_10-spade_7-spade_97883c69.jpg,10-spade_7-spade
images/Q-club_5-diamond_767b9f85.jpg,masks/mask_Q-club_5-diamond_767b9f85.jpg,Q-club_5-diamond
images/8-club_Q-spade_38f34446.jpg,masks/mask_8-club_Q-spade_38f34446.jpg,8-club_Q-spade
images/10-heart_10-club_a1d1577f.jpg,masks/mask_10-heart_10-club_a1d1577f.jpg,10-heart_10-club
images/K-spade_K-diamond_8fbb7296.jpg,masks/mask_K-spade_K-diamond_8fbb7296.jpg,K-spade_K-diamond
images/7-heart_A-heart_87e4e6b0.jpg,masks/mask_7-heart_A-heart_87e4e6b0.jpg,7-heart_A-heart
images/2-club_J-heart_97414f66.jpg,masks/mask_2-club_J-heart_97414f66.jpg,2-club_J-heart
images/9-club_2-club_d593502d.jpg,masks/mask_9-club_2-club_d593502d.jpg,9-club_2-club
images/10-spade_Q-spade_cbb5ab7b.jpg,masks/mask_10-spade_Q-spade_cbb5ab7b.jpg,10-spade_Q-spade
images/3-heart_6-spade_8d7098ff.jpg,masks/mask_3-heart_6-spade_8d7098ff.jpg,3-heart_6-spade
images/2-diamond_A-heart_edf2297d.jpg,masks/mask_2-diamond_A-heart_edf2297d.jpg,2-diamond_A-heart
images/4-club_3-heart_b6a440fe.jpg,masks/mask_4-club_3-heart_b6a440fe.jpg,4-club_3-heart
images/K-spade_6-diamond_bd7e59bf.jpg,masks/mask_K-spade_6-diamond_bd7e59bf.jpg,K-spade_6-diamond
images/7-diamond_Q-club_59933590.jpg,masks/mask_7-diamond_Q-club_59933590.jpg,7-diamond_Q-club
images/8-heart_6-club_ba3c69f9.jpg,masks/mask_8-heart_6-club_ba3c69f9.jpg,8-heart_6-club
images/6-heart_3-diamond_38113558.jpg,masks/mask_6-heart_3-diamond_38113558.jpg,6-heart_3-diamond
images/7-diamond_2-diamond_0e444cfc.jpg,masks/mask_7-diamond_2-diamond_0e444cfc.jpg,7-diamond_2-diamond
images/J-heart_9-club_d6a2dc3a.jpg,masks/mask_J-heart_9-club_d6a2dc3a.jpg,J-heart_9-club
images/5-club_J-club_686755fe.jpg,masks/mask_5-club_J-club_686755fe.jpg,5-club_J-club
images/7-club_10-heart_07241c4e.jpg,masks/mask_7-club_10-heart_07241c4e.jpg,7-club_10-heart
images/10-diamond_K-diamond_32017c64.jpg,masks/mask_10-diamond_K-diamond_32017c64.jpg,10-diamond_K-diamond
images/K-spade_Q-diamond_7faeb71d.jpg,masks/mask_K-spade_Q-diamond_7faeb71d.jpg,K-spade_Q-diamond
images/8-heart_J-heart_0bd2997f.jpg,masks/mask_8-heart_J-heart_0bd2997f.jpg,8-heart_J-heart
images/K-heart_7-diamond_de3eac5f.jpg,masks/mask_K-heart_7-diamond_de3eac5f.jpg,K-heart_7-diamond
images/4-heart_J-diamond_1fac6017.jpg,masks/mask_4-heart_J-diamond_1fac6017.jpg,4-heart_J-diamond
images/7-diamond_10-diamond_efaedc3f.jpg,masks/mask_7-diamond_10-diamond_efaedc3f.jpg,7-diamond_10-diamond
images/Q-diamond_5-heart_9a6c2f63.jpg,masks/mask_Q-diamond_5-heart_9a6c2f63.jpg,Q-diamond_5-heart
images/6-heart_Q-diamond_2f36550d.jpg,masks/mask_6-heart_Q-diamond_2f36550d.jpg,6-heart_Q-diamond
images/K-heart_8-heart_79bb7677.jpg,masks/mask_K-heart_8-heart_79bb7677.jpg,K-heart_8-heart
images/3-diamond_8-club_769267fa.jpg,masks/mask_3-diamond_8-club_769267fa.jpg,3-diamond_8-club
images/7-diamond_10-diamond_53fdd2c7.jpg,masks/mask_7-diamond_10-diamond_53fdd2c7.jpg,7-diamond_10-diamond
images/Q-diamond_5-club_736db7cd.jpg,masks/mask_Q-diamond_5-club_736db7cd.jpg,Q-diamond_5-club
images/7-club_8-club_6a1680be.jpg,masks/mask_7-club_8-club_6a1680be.jpg,7-club_8-club
images/J-heart_A-heart_c38683a0.jpg,masks/mask_J-heart_A-heart_c38683a0.jpg,J-heart_A-heart
images/2-spade_7-club_93e5c57c.jpg,masks/mask_2-spade_7-club_93e5c57c.jpg,2-spade_7-club
images/K-club_K-spade_5d11e505.jpg,masks/mask_K-club_K-spade_5d11e505.jpg,K-club_K-spade
images/A-club_7-spade_a10ca029.jpg,masks/mask_A-club_7-spade_a10ca029.jpg,A-club_7-spade
images/8-heart_J-diamond_8d8eb3a2.jpg,masks/mask_8-heart_J-diamond_8d8eb3a2.jpg,8-heart_J-diamond
images/J-diamond_6-diamond_175f74d0.jpg,masks/mask_J-diamond_6-diamond_175f74d0.jpg,J-diamond_6-diamond
images/9-spade_2-diamond_376e8e7d.jpg,masks/mask_9-spade_2-diamond_376e8e7d.jpg,9-spade_2-diamond
images/10-diamond_7-club_8b18d322.jpg,masks/mask_10-diamond_7-club_8b18d322.jpg,10-diamond_7-club
images/K-club_10-diamond_41a942a6.jpg,masks/mask_K-club_10-diamond_41a942a6.jpg,K-club_10-diamond
images/4-club_4-heart_833e34ff.jpg,masks/mask_4-club_4-heart_833e34ff.jpg,4-club_4-heart
images/4-spade_9-spade_bb9df174.jpg,masks/mask_4-spade_9-spade_bb9df174.jpg,4-spade_9-spade
images/3-diamond_A-diamond_a5d6cbdc.jpg,masks/mask_3-diamond_A-diamond_a5d6cbdc.jpg,3-diamond_A-diamond
images/7-club_8-club_004b28bf.jpg,masks/mask_7-club_8-club_004b28bf.jpg,7-club_8-club
images/2-heart_10-club_cd26161e.jpg,masks/mask_2-heart_10-club_cd26161e.jpg,2-heart_10-club
images/3-club_4-spade_54c214a2.jpg,masks/mask_3-club_4-spade_54c214a2.jpg,3-club_4-spade
images/3-diamond_7-diamond_28aff7e6.jpg,masks/mask_3-diamond_7-diamond_28aff7e6.jpg,3-diamond_7-diamond
images/A-diamond_7-heart_5cb8a3a7.jpg,masks/mask_A-diamond_7-heart_5cb8a3a7.jpg,A-diamond_7-heart
images/K-heart_4-spade_38f7732e.jpg,masks/mask_K-heart_4-spade_38f7732e.jpg,K-heart_4-spade
images/6-spade_7-heart_fb58e856.jpg,masks/mask_6-spade_7-heart_fb58e856.jpg,6-spade_7-heart
images/6-club_4-club_1438f2ff.jpg,masks/mask_6-club_4-club_1438f2ff.jpg,6-club_4-club
images/2-spade_Q-diamond_d7be2550.jpg,masks/mask_2-spade_Q-diamond_d7be2550.jpg,2-spade_Q-diamond
images/9-diamond_K-heart_cfaf0252.jpg,masks/mask_9-diamond_K-heart_cfaf0252.jpg,9-diamond_K-heart
images/6-club_2-club_c47c545e.jpg,masks/mask_6-club_2-club_c47c545e.jpg,6-club_2-club
images/Q-club_9-diamond_a65d9fdc.jpg,masks/mask_Q-club_9-diamond_a65d9fdc.jpg,Q-club_9-diamond
images/A-club_8-diamond_e059e2ce.jpg,masks/mask_A-club_8-diamond_e059e2ce.jpg,A-club_8-diamond
images/9-diamond_K-spade_87fb1450.jpg,masks/mask_9-diamond_K-spade_87fb1450.jpg,9-diamond_K-spade
images/6-diamond_Q-heart_5c60a969.jpg,masks/mask_6-diamond_Q-heart_5c60a969.jpg,6-diamond_Q-heart
images/3-heart_3-heart_89a24844.jpg,masks/mask_3-heart_3-heart_89a24844.jpg,3-heart_3-heart
images/7-heart_4-diamond_a239e49b.jpg,masks/mask_7-heart_4-diamond_a239e49b.jpg,7-heart_4-diamond
images/9-diamond_J-spade_bd1e3b62.jpg,masks/mask_9-diamond_J-spade_bd1e3b62.jpg,9-diamond_J-spade
images/3-heart_6-heart_b0bdcbff.jpg,masks/mask_3-heart_6-heart_b0bdcbff.jpg,3-heart_6-heart
images/4-diamond_9-spade_c7d658aa.jpg,masks/mask_4-diamond_9-spade_c7d658aa.jpg,4-diamond_9-spade
images/8-diamond_10-club_a11d5bdf.jpg,masks/mask_8-diamond_10-club_a11d5bdf.jpg,8-diamond_10-club
images/9-spade_3-heart_966a8b0d.jpg,masks/mask_9-spade_3-heart_966a8b0d.jpg,9-spade_3-heart
images/3-heart_4-diamond_ac3d787d.jpg,masks/mask_3-heart_4-diamond_ac3d787d.jpg,3-heart_4-diamond
images/Q-heart_7-club_02cbe8cb.jpg,masks/mask_Q-heart_7-club_02cbe8cb.jpg,Q-heart_7-club
images/2-club_2-club_8020abb3.jpg,masks/mask_2-club_2-club_8020abb3.jpg,2-club_2-club
images/K-club_2-heart_8466b83a.jpg,masks/mask_K-club_2-heart_8466b83a.jpg,K-club_2-heart
images/J-spade_A-spade_6b7b7c75.jpg,masks/mask_J-spade_A-spade_6b7b7c75.jpg,J-spade_A-spade
images/2-diamond_9-heart_23e84800.jpg,masks/mask_2-diamond_9-heart_23e84800.jpg,2-diamond_9-heart
images/8-diamond_9-heart_1fb264b7.jpg,masks/mask_8-diamond_9-heart_1fb264b7.jpg,8-diamond_9-heart
images/4-club_5-heart_c5aa50f9.jpg,masks/mask_4-club_5-heart_c5aa50f9.jpg,4-club_5-heart
images/9-diamond_5-spade_52896ec2.jpg,masks/mask_9-diamond_5-spade_52896ec2.jpg,9-diamond_5-spade
images/3-diamond_8-heart_2932fe67.jpg,masks/mask_3-diamond_8-heart_2932fe67.jpg,3-diamond_8-heart
images/2-club_10-heart_b23c6d7d.jpg,masks/mask_2-club_10-heart_b23c6d7d.jpg,2-club_10-heart
images/A-spade_Q-diamond_9ab24543.jpg,masks/mask_A-spade_Q-diamond_9ab24543.jpg,A-spade_Q-diamond
images/8-club_Q-spade_352acf02.jpg,masks/mask_8-club_Q-spade_352acf02.jpg,8-club_Q-spade
images/3-heart_5-spade_5a3e33e1.jpg,masks/mask_3-heart_5-spade_5a3e33e1.jpg,3-heart_5-spade
images/10-spade_8-spade_5ea4da73.jpg,masks/mask_10-spade_8-spade_5ea4da73.jpg,10-spade_8-spade
images/10-diamond_2-diamond_8985eadf.jpg,masks/mask_10-diamond_2-diamond_8985eadf.jpg,10-diamond_2-diamond
images/4-heart_4-diamond_1a0b829e.jpg,masks/mask_4-heart_4-diamond_1a0b829e.jpg,4-heart_4-diamond
images/6-club_4-diamond_08b9ec5f.jpg,masks/mask_6-club_4-diamond_08b9ec5f.jpg,6-club_4-diamond
images/3-club_3-heart_be31b2c4.jpg,masks/mask_3-club_3-heart_be31b2c4.jpg,3-club_3-heart
images/3-spade_Q-heart_49cba771.jpg,masks/mask_3-spade_Q-heart_49cba771.jpg,3-spade_Q-heart
images/10-diamond_4-heart_b4d84eff.jpg,masks/mask_10-diamond_4-heart_b4d84eff.jpg,10-diamond_4-heart
images/6-club_3-club_f77d9d66.jpg,masks/mask_6-club_3-club_f77d9d66.jpg,6-club_3-club
images/Q-spade_8-spade_32314e58.jpg,masks/mask_Q-spade_8-spade_32314e58.jpg,Q-spade_8-spade
images/4-heart_9-club_4863735b.jpg,masks/mask_4-heart_9-club_4863735b.jpg,4-heart_9-club
images/Q-heart_J-club_81f0728e.jpg,masks/mask_Q-heart_J-club_81f0728e.jpg,Q-heart_J-club
images/2-diamond_5-club_a56bb76d.jpg,masks/mask_2-diamond_5-club_a56bb76d.jpg,2-diamond_5-club
images/2-diamond_J-club_0e331806.jpg,masks/mask_2-diamond_J-club_0e331806.jpg,2-diamond_J-club
images/4-heart_10-club_055c4555.jpg,masks/mask_4-heart_10-club_055c4555.jpg,4-heart_10-club
images/2-diamond_3-club_6541fd01.jpg,masks/mask_2-diamond_3-club_6541fd01.jpg,2-diamond_3-club
images/10-spade_2-diamond_e2928b94.jpg,masks/mask_10-spade_2-diamond_e2928b94.jpg,10-spade_2-diamond
images/3-spade_Q-spade_e838c7eb.jpg,masks/mask_3-spade_Q-spade_e838c7eb.jpg,3-spade_Q-spade
images/3-diamond_6-spade_39d8b34a.jpg,masks/mask_3-diamond_6-spade_39d8b34a.jpg,3-diamond_6-spade
images/Q-club_J-heart_d0750795.jpg,masks/mask_Q-club_J-heart_d0750795.jpg,Q-club_J-heart
images/5-spade_4-diamond_8814bdd8.jpg,masks/mask_5-spade_4-diamond_8814bdd8.jpg,5-spade_4-diamond
images/6-diamond_5-club_2f9a402a.jpg,masks/mask_6-diamond_5-club_2f9a402a.jpg,6-diamond_5-club
images/A-spade_2-spade_bf1df8d4.jpg,masks/mask_A-spade_2-spade_bf1df8d4.jpg,A-spade_2-spade
images/10-diamond_3-heart_e2690dad.jpg,masks/mask_10-diamond_3-heart_e2690dad.jpg,10-diamond_3-heart
images/6-spade_K-spade_405015f2.jpg,masks/mask_6-spade_K-spade_405015f2.jpg,6-spade_K-spade
images/10-heart_7-heart_8e7479fe.jpg,masks/mask_10-heart_7-heart_8e7479fe.jpg,10-heart_7-heart
images/9-spade_K-diamond_92db8c7a.jpg,masks/mask_9-spade_K-diamond_92db8c7a.jpg,9-spade_K-diamond
images/6-diamond_4-club_fc9cb9c7.jpg,masks/mask_6-diamond_4-club_fc9cb9c7.jpg,6-diamond_4-club
images/K-diamond_9-diamond_ea2271c1.jpg,masks/mask_K-diamond_9-diamond_ea2271c1.jpg,K-diamond_9-diamond
images/7-diamond_A-heart_c843cfa0.jpg,masks/mask_7-diamond_A-heart_c843cfa0.jpg,7-diamond_A-heart
images/3-spade_Q-spade_80487230.jpg,masks/mask_3-spade_Q-spade_80487230.jpg,3-spade_Q-spade
images/9-club_K-spade_800d858e.jpg,masks/mask_9-club_K-spade_800d858e.jpg,9-club_K-spade
images/Q-club_7-heart_4eb4f747.jpg,masks/mask_Q-club_7-heart_4eb4f747.jpg,Q-club_7-heart
images/7-spade_J-diamond_23e6c326.jpg,masks/mask_7-spade_J-diamond_23e6c326.jpg,7-spade_J-diamond
images/Q-spade_9-spade_e18ba40f.jpg,masks/mask_Q-spade_9-spade_e18ba40f.jpg,Q-spade_9-spade
images/10-diamond_4-spade_efb442bd.jpg,masks/mask_10-diamond_4-spade_efb442bd.jpg,10-diamond_4-spade
images/8-club_5-diamond_213552c1.jpg,masks/mask_8-club_5-diamond_213552c1.jpg,8-club_5-diamond
images/3-spade_K-heart_999ca94e.jpg,masks/mask_3-spade_K-heart_999ca94e.jpg,3-spade_K-heart
images/3-diamond_A-club_5284f88c.jpg,masks/mask_3-diamond_A-club_5284f88c.jpg,3-diamond_A-club
images/10-heart_9-diamond_a60e6851.jpg,masks/mask_10-heart_9-diamond_a60e6851.jpg,10-heart_9-diamond
images/9-spade_8-diamond_22d4f435.jpg,masks/mask_9-spade_8-diamond_22d4f435.jpg,9-spade_8-diamond
images/J-heart_8-heart_792f0047.jpg,masks/mask_J-heart_8-heart_792f0047.jpg,J-heart_8-heart
images/9-diamond_9-heart_bc4ca5e5.jpg,masks/mask_9-diamond_9-heart_bc4ca5e5.jpg,9-diamond_9-heart
images/8-heart_6-spade_8f02282f.jpg,masks/mask_8-heart_6-spade_8f02282f.jpg,8-heart_6-spade
images/7-club_3-club_710b4734.jpg,masks/mask_7-club_3-club_710b4734.jpg,7-club_3-club
images/A-diamond_7-heart_a641fdb8.jpg,masks/mask_A-diamond_7-heart_a641fdb8.jpg,A-diamond_7-heart
images/2-club_4-diamond_4d440cdd.jpg,masks/mask_2-club_4-diamond_4d440cdd.jpg,2-club_4-diamond
images/A-club_2-spade_183072a1.jpg,masks/mask_A-club_2-spade_183072a1.jpg,A-club_2-spade
images/7-heart_6-spade_4ce320b9.jpg,masks/mask_7-heart_6-spade_4ce320b9.jpg,7-heart_6-spade
images/5-heart_J-spade_6e16a6de.jpg,masks/mask_5-heart_J-spade_6e16a6de.jpg,5-heart_J-spade
images/J-club_J-diamond_c6364b94.jpg,masks/mask_J-club_J-diamond_c6364b94.jpg,J-club_J-diamond
images/K-club_2-heart_f2f79fb5.jpg,masks/mask_K-club_2-heart_f2f79fb5.jpg,K-club_2-heart
images/5-heart_Q-heart_5c15b9ae.jpg,masks/mask_5-heart_Q-heart_5c15b9ae.jpg,5-heart_Q-heart
images/9-heart_6-diamond_c29d0f03.jpg,masks/mask_9-heart_6-diamond_c29d0f03.jpg,9-heart_6-diamond
images/2-club_7-heart_0e3d45fc.jpg,masks/mask_2-club_7-heart_0e3d45fc.jpg,2-club_7-heart
images/9-heart_4-heart_b2e0450c.jpg,masks/mask_9-heart_4-heart_b2e0450c.jpg,9-heart_4-heart
images/Q-diamond_4-diamond_c604479b.jpg,masks/mask_Q-diamond_4-diamond_c604479b.jpg,Q-diamond_4-diamond
images/4-club_10-spade_0fb12ec9.jpg,masks/mask_4-club_10-spade_0fb12ec9.jpg,4-club_10-spade
images/A-spade_6-diamond_cf8755e0.jpg,masks/mask_A-spade_6-diamond_cf8755e0.jpg,A-spade_6-diamond
images/A-club_4-diamond_f8379403.jpg,masks/mask_A-club_4-diamond_f8379403.jpg,A-club_4-diamond
images/3-club_7-heart_6dad41f0.jpg,masks/mask_3-club_7-heart_6dad41f0.jpg,3-club_7-heart
images/6-spade_9-club_1a707047.jpg,masks/mask_6-spade_9-club_1a707047.jpg,6-spade_9-club
images/A-spade_A-heart_3dc2669c.jpg,masks/mask_A-spade_A-heart_3dc2669c.jpg,A-spade_A-heart
images/2-spade_6-spade_7d2390b7.jpg,masks/mask_2-spade_6-spade_7d2390b7.jpg,2-spade_6-spade
images/5-heart_9-heart_a7459a1f.jpg,masks/mask_5-heart_9-heart_a7459a1f.jpg,5-heart_9-heart
images/J-diamond_9-heart_e9614d27.jpg,masks/mask_J-diamond_9-heart_e9614d27.jpg,J-diamond_9-heart
images/6-club_10-heart_ac5a780d.jpg,masks/mask_6-club_10-heart_ac5a780d.jpg,6-club_10-heart
images/3-spade_7-heart_d17068fb.jpg,masks/mask_3-spade_7-heart_d17068fb.jpg,3-spade_7-heart
images/2-heart_7-diamond_bd1bb4c4.jpg,masks/mask_2-heart_7-diamond_bd1bb4c4.jpg,2-heart_7-diamond
images/4-club_2-diamond_3dd52457.jpg,masks/mask_4-club_2-diamond_3dd52457.jpg,4-club_2-diamond
images/6-diamond_5-diamond_e887fe28.jpg,masks/mask_6-diamond_5-diamond_e887fe28.jpg,6-diamond_5-diamond
images/7-heart_4-spade_20706a48.jpg,masks/mask_7-heart_4-spade_20706a48.jpg,7-heart_4-spade
images/Q-club_4-spade_198ba4cc.jpg,masks/mask_Q-club_4-spade_198ba4cc.jpg,Q-club_4-spade
images/9-club_5-diamond_fc9e238d.jpg,masks/mask_9-club_5-diamond_fc9e238d.jpg,9-club_5-diamond
images/9-diamond_9-diamond_ca18a976.jpg,masks/mask_9-diamond_9-diamond_ca18a976.jpg,9-diamond_9-diamond
images/7-heart_4-club_bba0c205.jpg,masks/mask_7-heart_4-club_bba0c205.jpg,7-heart_4-club
images/K-diamond_8-heart_b160fee3.jpg,masks/mask_K-diamond_8-heart_b160fee3.jpg,K-diamond_8-heart
images/6-spade_A-diamond_e62807aa.jpg,masks/mask_6-spade_A-diamond_e62807aa.jpg,6-spade_A-diamond
images/5-spade_4-heart_57b4d5de.jpg,masks/mask_5-spade_4-heart_57b4d5de.jpg,5-spade_4-heart
images/J-club_3-heart_802c11d7.jpg,masks/mask_J-club_3-heart_802c11d7.jpg,J-club_3-heart
images/7-club_3-spade_6aedc8d7.jpg,masks/mask_7-club_3-spade_6aedc8d7.jpg,7-club_3-spade
images/A-heart_7-club_cb74cc1e.jpg,masks/mask_A-heart_7-club_cb74cc1e.jpg,A-heart_7-club
images/5-diamond_2-spade_4ed3531d.jpg,masks/mask_5-diamond_2-spade_4ed3531d.jpg,5-diamond_2-spade
images/6-heart_4-diamond_2c34da78.jpg,masks/mask_6-heart_4-diamond_2c34da78.jpg,6-heart_4-diamond
images/3-diamond_7-club_364b9206.jpg,masks/mask_3-diamond_7-club_364b9206.jpg,3-diamond_7-club
images/6-diamond_K-spade_1f371d25.jpg,masks/mask_6-diamond_K-spade_1f371d25.jpg,6-diamond_K-spade
images/9-diamond_10-club_9bce26d8.jpg,masks/mask_9-diamond_10-club_9bce26d8.jpg,9-diamond_10-club
images/A-club_J-heart_03770b2f.jpg,masks/mask_A-club_J-heart_03770b2f.jpg,A-club_J-heart
images/7-spade_A-diamond_13631de1.jpg,masks/mask_7-spade_A-diamond_13631de1.jpg,7-spade_A-diamond
images/6-club_7-heart_aeb7c06b.jpg,masks/mask_6-club_7-heart_aeb7c06b.jpg,6-club_7-heart
images/6-spade_K-diamond_da8d4de2.jpg,masks/mask_6-spade_K-diamond_da8d4de2.jpg,6-spade_K-diamond
images/K-heart_5-diamond_671d4516.jpg,masks/mask_K-heart_5-diamond_671d4516.jpg,K-heart_5-diamond
images/J-club_4-diamond_a4e73ecd.jpg,masks/mask_J-club_4-diamond_a4e73ecd.jpg,J-club_4-diamond
images/J-diamond_7-heart_efd34377.jpg,masks/mask_J-diamond_7-heart_efd34377.jpg,J-diamond_7-heart
images/K-spade_8-spade_fce4ec19.jpg,masks/mask_K-spade_8-spade_fce4ec19.jpg,K-spade_8-spade
images/Q-heart_10-spade_1ce2c252.jpg,masks/mask_Q-heart_10-spade_1ce2c252.jpg,Q-heart_10-spade
images/Q-diamond_6-heart_4f254c7b.jpg,masks/mask_Q-diamond_6-heart_4f254c7b.jpg,Q-diamond_6-heart
images/6-club_Q-club_9c2b607b.jpg,masks/mask_6-club_Q-club_9c2b607b.jpg,6-club_Q-club
images/2-club_10-diamond_978363f7.jpg,masks/mask_2-club_10-diamond_978363f7.jpg,2-club_10-diamond
images/3-club_Q-diamond_8cc29ca7.jpg,masks/mask_3-club_Q-diamond_8cc29ca7.jpg,3-club_Q-diamond
images/A-spade_Q-spade_bc120a0c.jpg,masks/mask_A-spade_Q-spade_bc120a0c.jpg,A-spade_Q-spade
images/6-spade_7-heart_3099ed62.jpg,masks/mask_6-spade_7-heart_3099ed62.jpg,6-spade_7-heart
images/K-diamond_3-heart_d1bb5d0a.jpg,masks/mask_K-diamond_3-heart_d1bb5d0a.jpg,K-diamond_3-heart
images/4-spade_K-heart_6e364233.jpg,masks/mask_4-spade_K-heart_6e364233.jpg,4-spade_K-heart
images/4-diamond_2-club_ef5e6fda.jpg,masks/mask_4-diamond_2-club_ef5e6fda.jpg,4-diamond_2-club
images/2-club_3-diamond_f6f4b54f.jpg,masks/mask_2-club_3-diamond_f6f4b54f.jpg,2-club_3-diamond
images/8-diamond_6-diamond_3580357c.jpg,masks/mask_8-diamond_6-diamond_3580357c.jpg,8-diamond_6-diamond
images/8-heart_4-club_62e46234.jpg,masks/mask_8-heart_4-club_62e46234.jpg,8-heart_4-club
images/10-diamond_5-club_764a4fb7.jpg,masks/mask_10-diamond_5-club_764a4fb7.jpg,10-diamond_5-club
images/7-heart_5-heart_373a5469.jpg,masks/mask_7-heart_5-heart_373a5469.jpg,7-heart_5-heart
images/8-spade_A-heart_10355238.jpg,masks/mask_8-spade_A-heart_10355238.jpg,8-spade_A-heart
images/6-heart_A-diamond_38f9f090.jpg,masks/mask_6-heart_A-diamond_38f9f090.jpg,6-heart_A-diamond
images/4-heart_3-spade_5675eb86.jpg,masks/mask_4-heart_3-spade_5675eb86.jpg,4-heart_3-spade
images/A-club_6-heart_ad13c41d.jpg,masks/mask_A-club_6-heart_ad13c41d.jpg,A-club_6-heart
images/J-club_A-club_f93a80bc.jpg,masks/mask_J-club_A-club_f93a80bc.jpg,J-club_A-club
images/2-club_J-spade_408abdbd.jpg,masks/mask_2-club_J-spade_408abdbd.jpg,2-club_J-spade
images/8-club_10-spade_41096679.jpg,masks/mask_8-club_10-spade_41096679.jpg,8-club_10-spade
images/A-spade_10-spade_25c885ba.jpg,masks/mask_A-spade_10-spade_25c885ba.jpg,A-spade_10-spade
images/6-diamond_7-spade_355830df.jpg,masks/mask_6-diamond_7-spade_355830df.jpg,6-diamond_7-spade
images/10-spade_K-club_f344e0dd.jpg,masks/mask_10-spade_K-club_f344e0dd.jpg,10-spade_K-club
images/J-diamond_8-heart_8a5b7809.jpg,masks/mask_J-diamond_8-heart_8a5b7809.jpg,J-diamond_8-heart
images/9-diamond_K-spade_71c01bdc.jpg,masks/mask_9-diamond_K-spade_71c01bdc.jpg,9-diamond_K-spade
images/2-diamond_6-club_968d2fbd.jpg,masks/mask_2-diamond_6-club_968d2fbd.jpg,2-diamond_6-club
images/3-spade_A-diamond_622ace05.jpg,masks/mask_3-spade_A-diamond_622ace05.jpg,3-spade_A-diamond
images/4-diamond_Q-heart_57b4593f.jpg,masks/mask_4-diamond_Q-heart_57b4593f.jpg,4-diamond_Q-heart
images/2-heart_A-club_314384db.jpg,masks/mask_2-heart_A-club_314384db.jpg,2-heart_A-club
images/9-heart_8-diamond_43d93638.jpg,masks/mask_9-heart_8-diamond_43d93638.jpg,9-heart_8-diamond
images/4-heart_A-club_a09f2e37.jpg,masks/mask_4-heart_A-club_a09f2e37.jpg,4-heart_A-club
images/2-heart_8-spade_b3858166.jpg,masks/mask_2-heart_8-spade_b3858166.jpg,2-heart_8-spade
images/Q-spade_2-club_6e13ad5a.jpg,masks/mask_Q-spade_2-club_6e13ad5a.jpg,Q-spade_2-club
images/J-club_9-diamond_fe4d0b12.jpg,masks/mask_J-club_9-diamond_fe4d0b12.jpg,J-club_9-diamond
images/4-heart_7-spade_d3f65e67.jpg,masks/mask_4-heart_7-spade_d3f65e67.jpg,4-heart_7-spade
images/J-diamond_10-spade_bab45f63.jpg,masks/mask_J-diamond_10-spade_bab45f63.jpg,J-diamond_10-spade
images/6-diamond_Q-heart_ac2887b1.jpg,masks/mask_6-diamond_Q-heart_ac2887b1.jpg,6-diamond_Q-heart
images/6-diamond_9-heart_7b4cb692.jpg,masks/mask_6-diamond_9-heart_7b4cb692.jpg,6-diamond_9-heart
images/10-diamond_K-spade_0425abcb.jpg,masks/mask_10-diamond_K-spade_0425abcb.jpg,10-diamond_K-spade
images/2-heart_3-club_b943c0e2.jpg,masks/mask_2-heart_3-club_b943c0e2.jpg,2-heart_3-club
images/K-heart_7-spade_d75259ca.jpg,masks/mask_K-heart_7-spade_d75259ca.jpg,K-heart_7-spade
images/9-heart_J-club_e3c55d48.jpg,masks/mask_9-heart_J-club_e3c55d48.jpg,9-heart_J-club
images/3-heart_K-club_d64cc2d3.jpg,masks/mask_3-heart_K-club_d64cc2d3.jpg,3-heart_K-club
images/J-diamond_9-heart_2738c4f9.jpg,masks/mask_J-diamond_9-heart_2738c4f9.jpg,J-diamond_9-heart
images/Q-club_A-diamond_b87e6995.jpg,masks/mask_Q-club_A-diamond_b87e6995.jpg,Q-club_A-diamond
images/K-heart_4-diamond_581831a7.jpg,masks/mask_K-heart_4-diamond_581831a7.jpg,K-heart_4-diamond
images/5-diamond_6-spade_49e74a77.jpg,masks/mask_5-diamond_6-spade_49e74a77.jpg,5-diamond_6-spade
images/K-heart_K-spade_507c0c09.jpg,masks/mask_K-heart_K-spade_507c0c09.jpg,K-heart_K-spade
images/2-heart_10-heart_ae9d6828.jpg,masks/mask_2-heart_10-heart_ae9d6828.jpg,2-heart_10-heart
images/A-heart_3-heart_5b40605a.jpg,masks/mask_A-heart_3-heart_5b40605a.jpg,A-heart_3-heart
images/K-heart_4-spade_20ea24a0.jpg,masks/mask_K-heart_4-spade_20ea24a0.jpg,K-heart_4-spade
images/2-diamond_5-diamond_a281bca8.jpg,masks/mask_2-diamond_5-diamond_a281bca8.jpg,2-diamond_5-diamond
images/8-spade_9-club_68075c1d.jpg,masks/mask_8-spade_9-club_68075c1d.jpg,8-spade_9-club
images/2-heart_3-club_a0c0c213.jpg,masks/mask_2-heart_3-club_a0c0c213.jpg,2-heart_3-club
images/10-spade_2-spade_cea71c2e.jpg,masks/mask_10-spade_2-spade_cea71c2e.jpg,10-spade_2-spade
images/7-club_Q-spade_519eb53a.jpg,masks/mask_7-club_Q-spade_519eb53a.jpg,7-club_Q-spade
images/7-heart_4-heart_a54360d4.jpg,masks/mask_7-heart_4-heart_a54360d4.jpg,7-heart_4-heart
images/5-club_4-spade_1f08a1f3.jpg,masks/mask_5-club_4-spade_1f08a1f3.jpg,5-club_4-spade
images/7-spade_2-diamond_2614e10b.jpg,masks/mask_7-spade_2-diamond_2614e10b.jpg,7-spade_2-diamond
images/2-spade_10-spade_a126fb86.jpg,masks/mask_2-spade_10-spade_a126fb86.jpg,2-spade_10-spade
images/7-spade_J-club_7f451c84.jpg,masks/mask_7-spade_J-club_7f451c84.jpg,7-spade_J-club
images/A-spade_K-club_401c66c8.jpg,masks/mask_A-spade_K-club_401c66c8.jpg,A-spade_K-club
images/9-club_6-club_9c16b568.jpg,masks/mask_9-club_6-club_9c16b568.jpg,9-club_6-club
images/4-spade_9-heart_e98dea97.jpg,masks/mask_4-spade_9-heart_e98dea97.jpg,4-spade_9-heart
images/6-diamond_A-diamond_f6fb2a77.jpg,masks/mask_6-diamond_A-diamond_f6fb2a77.jpg,6-diamond_A-diamond
images/8-spade_Q-diamond_48010bb8.jpg,masks/mask_8-spade_Q-diamond_48010bb8.jpg,8-spade_Q-diamond
images/6-heart_10-spade_89d12eea.jpg,masks/mask_6-heart_10-spade_89d12eea.jpg,6-heart_10-spade
images/10-diamond_K-heart_3891fa19.jpg,masks/mask_10-diamond_K-heart_3891fa19.jpg,10-diamond_K-heart
images/5-club_6-diamond_304fb1d1.jpg,masks/mask_5-club_6-diamond_304fb1d1.jpg,5-club_6-diamond
images/6-club_2-heart_9e1b47b0.jpg,masks/mask_6-club_2-heart_9e1b47b0.jpg,6-club_2-heart
images/8-club_5-heart_010d8e71.jpg,masks/mask_8-club_5-heart_010d8e71.jpg,8-club_5-heart
images/7-spade_6-heart_1219bb68.jpg,masks/mask_7-spade_6-heart_1219bb68.jpg,7-spade_6-heart
images/9-heart_9-club_3e2e140d.jpg,masks/mask_9-heart_9-club_3e2e140d.jpg,9-heart_9-club
images/9-club_4-diamond_07ed4d68.jpg,masks/mask_9-club_4-diamond_07ed4d68.jpg,9-club_4-diamond
images/4-club_J-club_39b58cba.jpg,masks/mask_4-club_J-club_39b58cba.jpg,4-club_J-club
images/Q-heart_J-heart_f6964c6b.jpg,masks/mask_Q-heart_J-heart_f6964c6b.jpg,Q-heart_J-heart
images/10-diamond_8-heart_9d5c6f3a.jpg,masks/mask_10-diamond_8-heart_9d5c6f3a.jpg,10-diamond_8-heart
images/8-spade_J-heart_1af50529.jpg,masks/mask_8-spade_J-heart_1af50529.jpg,8-spade_J-heart
images/4-club_9-diamond_64528187.jpg,masks/mask_4-club_9-diamond_64528187.jpg,4-club_9-diamond
images/4-club_3-spade_3aa72e22.jpg,masks/mask_4-club_3-spade_3aa72e22.jpg,4-club_3-spade
images/Q-spade_2-spade_162dfa60.jpg,masks/mask_Q-spade_2-spade_162dfa60.jpg,Q-spade_2-spade
images/Q-diamond_J-club_61d8ac70.jpg,masks/mask_Q-diamond_J-club_61d8ac70.jpg,Q-diamond_J-club
images/2-heart_9-diamond_036b047b.jpg,masks/mask_2-heart_9-diamond_036b047b.jpg,2-heart_9-diamond
images/J-heart_9-spade_9a306df3.jpg,masks/mask_J-heart_9-spade_9a306df3.jpg,J-heart_9-spade
images/2-heart_3-diamond_269c1481.jpg,masks/mask_2-heart_3-diamond_269c1481.jpg,2-heart_3-diamond
images/K-diamond_9-club_b3d06c73.jpg,masks/mask_K-diamond_9-club_b3d06c73.jpg,K-diamond_9-club
images/2-diamond_7-heart_5d249706.jpg,masks/mask_2-diamond_7-heart_5d249706.jpg,2-diamond_7-heart
images/9-diamond_5-diamond_fd62444a.jpg,masks/mask_9-diamond_5-diamond_fd62444a.jpg,9-diamond_5-diamond
images/2-heart_10-diamond_1ffa2c10.jpg,masks/mask_2-heart_10-diamond_1ffa2c10.jpg,2-heart_10-diamond
images/2-club_9-club_b0e97aab.jpg,masks/mask_2-club_9-club_b0e97aab.jpg,2-club_9-club
images/2-diamond_4-heart_1f14fa3b.jpg,masks/mask_2-diamond_4-heart_1f14fa3b.jpg,2-diamond_4-heart
images/5-diamond_2-diamond_fd36d21d.jpg,masks/mask_5-diamond_2-diamond_fd36d21d.jpg,5-diamond_2-diamond
images/10-spade_A-spade_a3e05ed7.jpg,masks/mask_10-spade_A-spade_a3e05ed7.jpg,10-spade_A-spade
images/4-club_3-club_842b8dcf.jpg,masks/mask_4-club_3-club_842b8dcf.jpg,4-club_3-club
images/10-spade_J-spade_5935cfdc.jpg,masks/mask_10-spade_J-spade_5935cfdc.jpg,10-spade_J-spade
images/9-diamond_4-club_b9eef2b6.jpg,masks/mask_9-diamond_4-club_b9eef2b6.jpg,9-diamond_4-club
images/J-spade_5-diamond_c7e59aad.jpg,masks/mask_J-spade_5-diamond_c7e59aad.jpg,J-spade_5-diamond
images/Q-spade_3-spade_170e95ac.jpg,masks/mask_Q-spade_3-spade_170e95ac.jpg,Q-spade_3-spade
images/K-club_4-heart_5759f509.jpg,masks/mask_K-club_4-heart_5759f509.jpg,K-club_4-heart
images/J-club_A-spade_5218e651.jpg,masks/mask_J-club_A-spade_5218e651.jpg,J-club_A-spade
images/A-spade_5-diamond_3de28cf9.jpg,masks/mask_A-spade_5-diamond_3de28cf9.jpg,A-spade_5-diamond
images/8-diamond_5-club_c02763f1.jpg,masks/mask_8-diamond_5-club_c02763f1.jpg,8-diamond_5-club
images/A-spade_7-diamond_47103a51.jpg,masks/mask_A-spade_7-diamond_47103a51.jpg,A-spade_7-diamond
images/9-club_K-heart_01d3846d.jpg,masks/mask_9-club_K-heart_01d3846d.jpg,9-club_K-heart
images/A-diamond_K-club_a436c70c.jpg,masks/mask_A-diamond_K-club_a436c70c.jpg,A-diamond_K-club
images/Q-club_8-diamond_799d6d60.jpg,masks/mask_Q-club_8-diamond_799d6d60.jpg,Q-club_8-diamond
images/4-club_2-spade_a30692d2.jpg,masks/mask_4-club_2-spade_a30692d2.jpg,4-club_2-spade
images/7-diamond_Q-club_653e2ac5.jpg,masks/mask_7-diamond_Q-club_653e2ac5.jpg,7-diamond_Q-club
images/7-club_3-heart_149e5ec6.jpg,masks/mask_7-club_3-heart_149e5ec6.jpg,7-club_3-heart
images/9-spade_10-spade_9986521b.jpg,masks/mask_9-spade_10-spade_9986521b.jpg,9-spade_10-spade
images/8-heart_5-diamond_ad49aba9.jpg,masks/mask_8-heart_5-diamond_ad49aba9.jpg,8-heart_5-diamond
images/J-diamond_2-diamond_fd570060.jpg,masks/mask_J-diamond_2-diamond_fd570060.jpg,J-diamond_2-diamond
images/K-club_6-spade_6a323734.jpg,masks/mask_K-club_6-spade_6a323734.jpg,K-club_6-spade
images/8-diamond_A-heart_ce5f6ac4.jpg,masks/mask_8-diamond_A-heart_ce5f6ac4.jpg,8-diamond_A-heart
images/2-club_3-heart_26f3b852.jpg,masks/mask_2-club_3-heart_26f3b852.jpg,2-club_3-heart
images/5-spade_Q-club_324dedc1.jpg,masks/mask_5-spade_Q-club_324dedc1.jpg,5-spade_Q-club
images/5-club_Q-heart_9cbe5815.jpg,masks/mask_5-club_Q-heart_9cbe5815.jpg,5-club_Q-heart
images/2-club_Q-spade_15832808.jpg,masks/mask_2-club_Q-spade_15832808.jpg,2-club_Q-spade
images/3-spade_10-heart_e17c3b93.jpg,masks/mask_3-spade_10-heart_e17c3b93.jpg,3-spade_10-heart
images/2-heart_5-diamond_b0c2a000.jpg,masks/mask_2-heart_5-diamond_b0c2a000.jpg,2-heart_5-diamond
images/9-spade_Q-club_63eb5ee9.jpg,masks/mask_9-spade_Q-club_63eb5ee9.jpg,9-spade_Q-club
images/7-diamond_2-spade_82dbb603.jpg,masks/mask_7-diamond_2-spade_82dbb603.jpg,7-diamond_2-spade
images/10-spade_6-heart_29cfd936.jpg,masks/mask_10-spade_6-heart_29cfd936.jpg,10-spade_6-heart
images/9-spade_2-diamond_807cb4e0.jpg,masks/mask_9-spade_2-diamond_807cb4e0.jpg,9-spade_2-diamond
images/6-club_Q-spade_c9044d90.jpg,masks/mask_6-club_Q-spade_c9044d90.jpg,6-club_Q-spade
images/10-heart_A-club_84df2aaa.jpg,masks/mask_10-heart_A-club_84df2aaa.jpg,10-heart_A-club
images/3-heart_A-spade_0f395948.jpg,masks/mask_3-heart_A-spade_0f395948.jpg,3-heart_A-spade
images/8-diamond_A-diamond_d09f7b75.jpg,masks/mask_8-diamond_A-diamond_d09f7b75.jpg,8-diamond_A-diamond
images/3-heart_J-club_2b1d13bb.jpg,masks/mask_3-heart_J-club_2b1d13bb.jpg,3-heart_J-club
images/8-spade_7-club_751c3390.jpg,masks/mask_8-spade_7-club_751c3390.jpg,8-spade_7-club
images/7-heart_9-diamond_4e467353.jpg,masks/mask_7-heart_9-diamond_4e467353.jpg,7-heart_9-diamond
images/7-diamond_7-spade_6b011792.jpg,masks/mask_7-diamond_7-spade_6b011792.jpg,7-diamond_7-spade
images/A-spade_4-diamond_13e65fd5.jpg,masks/mask_A-spade_4-diamond_13e65fd5.jpg,A-spade_4-diamond
images/5-spade_10-diamond_18524f3e.jpg,masks/mask_5-spade_10-diamond_18524f3e.jpg,5-spade_10-diamond
images/6-diamond_10-heart_cfe99c67.jpg,masks/mask_6-diamond_10-heart_cfe99c67.jpg,6-diamond_10-heart
images/8-diamond_6-diamond_356c810a.jpg,masks/mask_8-diamond_6-diamond_356c810a.jpg,8-diamond_6-diamond
images/K-heart_4-club_483101ab.jpg,masks/mask_K-heart_4-club_483101ab.jpg,K-heart_4-club
images/6-diamond_8-diamond_64c0a52f.jpg,masks/mask_6-diamond_8-diamond_64c0a52f.jpg,6-diamond_8-diamond
images/3-spade_J-spade_68837b3c.jpg,masks/mask_3-spade_J-spade_68837b3c.jpg,3-spade_J-spade
images/A-diamond_Q-diamond_0e23b2a2.jpg,masks/mask_A-diamond_Q-diamond_0e23b2a2.jpg,A-diamond_Q-diamond
images/Q-spade_K-spade_38dc6f23.jpg,masks/mask_Q-spade_K-spade_38dc6f23.jpg,Q-spade_K-spade
images/A-club_10-club_b23bcc8b.jpg,masks/mask_A-club_10-club_b23bcc8b.jpg,A-club_10-club
images/J-spade_10-diamond_a30205db.jpg,masks/mask_J-spade_10-diamond_a30205db.jpg,J-spade_10-diamond
images/8-spade_5-heart_d7ef76a6.jpg,masks/mask_8-spade_5-heart_d7ef76a6.jpg,8-spade_5-heart
images/6-heart_10-spade_60ad529c.jpg,masks/mask_6-heart_10-spade_60ad529c.jpg,6-heart_10-spade
images/A-heart_6-spade_4416f2bf.jpg,masks/mask_A-heart_6-spade_4416f2bf.jpg,A-heart_6-spade
images/3-heart_10-club_ecb09d6d.jpg,masks/mask_3-heart_10-club_ecb09d6d.jpg,3-heart_10-club
images/J-spade_J-diamond_ffeac3c2.jpg,masks/mask_J-spade_J-diamond_ffeac3c2.jpg,J-spade_J-diamond
images/5-club_8-spade_78b97eba.jpg,masks/mask_5-club_8-spade_78b97eba.jpg,5-club_8-spade
images/K-club_Q-club_5b5bc6e0.jpg,masks/mask_K-club_Q-club_5b5bc6e0.jpg,K-club_Q-club
images/A-club_2-club_4940f6b1.jpg,masks/mask_A-club_2-club_4940f6b1.jpg,A-club_2-club
images/3-diamond_3-diamond_bd1bc948.jpg,masks/mask_3-diamond_3-diamond_bd1bc948.jpg,3-diamond_3-diamond
images/8-club_8-club_325d4bbe.jpg,masks/mask_8-club_8-club_325d4bbe.jpg,8-club_8-club
images/6-diamond_Q-diamond_f0fc7e26.jpg,masks/mask_6-diamond_Q-diamond_f0fc7e26.jpg,6-diamond_Q-diamond
images/9-diamond_Q-spade_fe7e9c6a.jpg,masks/mask_9-diamond_Q-spade_fe7e9c6a.jpg,9-diamond_Q-spade
images/K-diamond_9-heart_e102e455.jpg,masks/mask_K-diamond_9-heart_e102e455.jpg,K-diamond_9-heart
images/3-club_7-diamond_110b67c5.jpg,masks/mask_3-club_7-diamond_110b67c5.jpg,3-club_7-diamond
images/7-diamond_A-club_ba19da9e.jpg,masks/mask_7-diamond_A-club_ba19da9e.jpg,7-diamond_A-club
images/K-club_7-heart_699a83ae.jpg,masks/mask_K-club_7-heart_699a83ae.jpg,K-club_7-heart
images/K-heart_J-spade_c69202a8.jpg,masks/mask_K-heart_J-spade_c69202a8.jpg,K-heart_J-spade
images/A-spade_Q-diamond_659b9b97.jpg,masks/mask_A-spade_Q-diamond_659b9b97.jpg,A-spade_Q-diamond
images/2-spade_8-heart_eea2740c.jpg,masks/mask_2-spade_8-heart_eea2740c.jpg,2-spade_8-heart
images/6-heart_5-diamond_f99bbf80.jpg,masks/mask_6-heart_5-diamond_f99bbf80.jpg,6-heart_5-diamond
images/Q-diamond_7-heart_9a35f6ff.jpg,masks/mask_Q-diamond_7-heart_9a35f6ff.jpg,Q-diamond_7-heart
images/2-heart_7-spade_9e06e7c2.jpg,masks/mask_2-heart_7-spade_9e06e7c2.jpg,2-heart_7-spade
images/3-diamond_2-heart_b0f9c6fb.jpg,masks/mask_3-diamond_2-heart_b0f9c6fb.jpg,3-diamond_2-heart
images/Q-spade_4-spade_3856f0ff.jpg,masks/mask_Q-spade_4-spade_3856f0ff.jpg,Q-spade_4-spade
images/6-spade_8-club_e15487ba.jpg,masks/mask_6-spade_8-club_e15487ba.jpg,6-spade_8-club
images/10-spade_6-club_bb70bd0e.jpg,masks/mask_10-spade_6-club_bb70bd0e.jpg,10-spade_6-club
images/K-diamond_K-spade_604138ae.jpg,masks/mask_K-diamond_K-spade_604138ae.jpg,K-diamond_K-spade
images/9-diamond_A-club_7ee945b4.jpg,masks/mask_9-diamond_A-club_7ee945b4.jpg,9-diamond_A-club
images/4-club_9-heart_a01d00ab.jpg,masks/mask_4-club_9-heart_a01d00ab.jpg,4-club_9-heart
images/7-spade_Q-spade_6f35440b.jpg,masks/mask_7-spade_Q-spade_6f35440b.jpg,7-spade_Q-spade
images/A-diamond_3-heart_1fd1f228.jpg,masks/mask_A-diamond_3-heart_1fd1f228.jpg,A-diamond_3-heart
images/K-diamond_K-club_a9e63c51.jpg,masks/mask_K-diamond_K-club_a9e63c51.jpg,K-diamond_K-club
images/10-spade_4-club_2b8b2cce.jpg,masks/mask_10-spade_4-club_2b8b2cce.jpg,10-spade_4-club
images/10-club_Q-club_855664dd.jpg,masks/mask_10-club_Q-club_855664dd.jpg,10-club_Q-club
images/10-spade_2-spade_50220822.jpg,masks/mask_10-spade_2-spade_50220822.jpg,10-spade_2-spade
images/9-club_4-heart_a614b9a3.jpg,masks/mask_9-club_4-heart_a614b9a3.jpg,9-club_4-heart
images/J-spade_8-club_bdb9dfb2.jpg,masks/mask_J-spade_8-club_bdb9dfb2.jpg,J-spade_8-club
images/7-heart_9-diamond_99c44f16.jpg,masks/mask_7-heart_9-diamond_99c44f16.jpg,7-heart_9-diamond
images/3-heart_8-spade_7de91e1a.jpg,masks/mask_3-heart_8-spade_7de91e1a.jpg,3-heart_8-spade
images/5-spade_8-spade_1763da46.jpg,masks/mask_5-spade_8-spade_1763da46.jpg,5-spade_8-spade
images/6-club_9-club_68df156a.jpg,masks/mask_6-club_9-club_68df156a.jpg,6-club_9-club
images/9-diamond_3-club_3b9853d2.jpg,masks/mask_9-diamond_3-club_3b9853d2.jpg,9-diamond_3-club
images/4-diamond_7-heart_e3f8ccc1.jpg,masks/mask_4-diamond_7-heart_e3f8ccc1.jpg,4-diamond_7-heart
images/A-heart_6-club_1f54270f.jpg,masks/mask_A-heart_6-club_1f54270f.jpg,A-heart_6-club
images/7-spade_4-diamond_7359324c.jpg,masks/mask_7-spade_4-diamond_7359324c.jpg,7-spade_4-diamond
images/A-heart_J-diamond_4ecf2b93.jpg,masks/mask_A-heart_J-diamond_4ecf2b93.jpg,A-heart_J-diamond
images/5-heart_2-club_265d26b9.jpg,masks/mask_5-heart_2-club_265d26b9.jpg,5-heart_2-club
images/5-diamond_7-spade_ecfdd0df.jpg,masks/mask_5-diamond_7-spade_ecfdd0df.jpg,5-diamond_7-spade
images/K-club_6-heart_3e40f609.jpg,masks/mask_K-club_6-heart_3e40f609.jpg,K-club_6-heart
images/5-diamond_J-diamond_55e2536e.jpg,masks/mask_5-diamond_J-diamond_55e2536e.jpg,5-diamond_J-diamond
images/A-diamond_9-club_438f7623.jpg,masks/mask_A-diamond_9-club_438f7623.jpg,A-diamond_9-club
images/10-club_10-club_7093716e.jpg,masks/mask_10-club_10-club_7093716e.jpg,10-club_10-club
images/9-heart_Q-spade_8e909eb1.jpg,masks/mask_9-heart_Q-spade_8e909eb1.jpg,9-heart_Q-spade
images/A-spade_8-club_0e7fda95.jpg,masks/mask_A-spade_8-club_0e7fda95.jpg,A-spade_8-club
images/6-heart_A-heart_b451dcb1.jpg,masks/mask_6-heart_A-heart_b451dcb1.jpg,6-heart_A-heart
images/8-club_4-heart_c2410a0e.jpg,masks/mask_8-club_4-heart_c2410a0e.jpg,8-club_4-heart
images/8-club_5-diamond_0cec5631.jpg,masks/mask_8-club_5-diamond_0cec5631.jpg,8-club_5-diamond
images/8-heart_9-spade_f93f06c7.jpg,masks/mask_8-heart_9-spade_f93f06c7.jpg,8-heart_9-spade
images/8-heart_A-club_043482a1.jpg,masks/mask_8-heart_A-club_043482a1.jpg,8-heart_A-club
images/8-club_4-diamond_193c7838.jpg,masks/mask_8-club_4-diamond_193c7838.jpg,8-club_4-diamond
images/3-heart_8-club_9619e35c.jpg,masks/mask_3-heart_8-club_9619e35c.jpg,3-heart_8-club
images/6-diamond_2-spade_1ea02bdc.jpg,masks/mask_6-diamond_2-spade_1ea02bdc.jpg,6-diamond_2-spade
images/9-diamond_3-diamond_13b5cad2.jpg,masks/mask_9-diamond_3-diamond_13b5cad2.jpg,9-diamond_3-diamond
images/6-heart_Q-heart_18d056db.jpg,masks/mask_6-heart_Q-heart_18d056db.jpg,6-heart_Q-heart
images/3-spade_2-club_64dff925.jpg,masks/mask_3-spade_2-club_64dff925.jpg,3-spade_2-club
images/A-club_2-diamond_8f64a691.jpg,masks/mask_A-club_2-diamond_8f64a691.jpg,A-club_2-diamond
images/A-spade_2-heart_e2cba433.jpg,masks/mask_A-spade_2-heart_e2cba433.jpg,A-spade_2-heart
images/J-heart_6-diamond_e3a74721.jpg,masks/mask_J-heart_6-diamond_e3a74721.jpg,J-heart_6-diamond
images/3-diamond_Q-heart_cc9f2b16.jpg,masks/mask_3-diamond_Q-heart_cc9f2b16.jpg,3-diamond_Q-heart
images/J-spade_9-heart_e679c465.jpg,masks/mask_J-spade_9-heart_e679c465.jpg,J-spade_9-heart
images/4-diamond_3-diamond_147931cc.jpg,masks/mask_4-diamond_3-diamond_147931cc.jpg,4-diamond_3-diamond
images/Q-diamond_3-club_1e17b972.jpg,masks/mask_Q-diamond_3-club_1e17b972.jpg,Q-diamond_3-club
images/6-diamond_6-heart_d774f88e.jpg,masks/mask_6-diamond_6-heart_d774f88e.jpg,6-diamond_6-heart
images/7-club_7-diamond_e503a6a9.jpg,masks/mask_7-club_7-diamond_e503a6a9.jpg,7-club_7-diamond
images/K-diamond_9-club_4d9603b5.jpg,masks/mask_K-diamond_9-club_4d9603b5.jpg,K-diamond_9-club
images/8-diamond_2-diamond_2ba7b032.jpg,masks/mask_8-diamond_2-diamond_2ba7b032.jpg,8-diamond_2-diamond
images/4-diamond_5-diamond_e16d670d.jpg,masks/mask_4-diamond_5-diamond_e16d670d.jpg,4-diamond_5-diamond
images/3-spade_2-spade_21d8b82d.jpg,masks/mask_3-spade_2-spade_21d8b82d.jpg,3-spade_2-spade
images/10-diamond_A-club_772fc104.jpg,masks/mask_10-diamond_A-club_772fc104.jpg,10-diamond_A-club
images/A-heart_J-diamond_f6d7749d.jpg,masks/mask_A-heart_J-diamond_f6d7749d.jpg,A-heart_J-diamond
images/10-heart_J-heart_5a642235.jpg,masks/mask_10-heart_J-heart_5a642235.jpg,10-heart_J-heart
images/7-spade_Q-heart_21445f8e.jpg,masks/mask_7-spade_Q-heart_21445f8e.jpg,7-spade_Q-heart
images/5-diamond_J-spade_4ee44e87.jpg,masks/mask_5-diamond_J-spade_4ee44e87.jpg,5-diamond_J-spade
images/3-spade_2-club_10b424f8.jpg,masks/mask_3-spade_2-club_10b424f8.jpg,3-spade_2-club
images/10-heart_6-club_97ba3219.jpg,masks/mask_10-heart_6-club_97ba3219.jpg,10-heart_6-club
images/10-club_5-club_abd5f96c.jpg,masks/mask_10-club_5-club_abd5f96c.jpg,10-club_5-club
images/J-club_6-spade_1c3de19e.jpg,masks/mask_J-club_6-spade_1c3de19e.jpg,J-club_6-spade
images/7-spade_5-spade_1f703e97.jpg,masks/mask_7-spade_5-spade_1f703e97.jpg,7-spade_5-spade
images/6-spade_J-heart_0360e4c2.jpg,masks/mask_6-spade_J-heart_0360e4c2.jpg,6-spade_J-heart
images/7-diamond_4-heart_d9509d37.jpg,masks/mask_7-diamond_4-heart_d9509d37.jpg,7-diamond_4-heart
images/7-spade_10-spade_9768d35f.jpg,masks/mask_7-spade_10-spade_9768d35f.jpg,7-spade_10-spade
images/4-diamond_J-club_dc7d1c3b.jpg,masks/mask_4-diamond_J-club_dc7d1c3b.jpg,4-diamond_J-club
images/7-spade_8-heart_1249e834.jpg,masks/mask_7-spade_8-heart_1249e834.jpg,7-spade_8-heart
images/5-diamond_10-club_900af6c9.jpg,masks/mask_5-diamond_10-club_900af6c9.jpg,5-diamond_10-club
images/3-heart_9-heart_cfc85852.jpg,masks/mask_3-heart_9-heart_cfc85852.jpg,3-heart_9-heart
images/9-diamond_9-club_18940b0e.jpg,masks/mask_9-diamond_9-club_18940b0e.jpg,9-diamond_9-club
images/4-diamond_3-diamond_c8e1a9b1.jpg,masks/mask_4-diamond_3-diamond_c8e1a9b1.jpg,4-diamond_3-diamond
images/K-diamond_Q-club_af4d0eda.jpg,masks/mask_K-diamond_Q-club_af4d0eda.jpg,K-diamond_Q-club
images/J-club_J-spade_67c23e88.jpg,masks/mask_J-club_J-spade_67c23e88.jpg,J-club_J-spade
images/7-spade_6-club_869d9101.jpg,masks/mask_7-spade_6-club_869d9101.jpg,7-spade_6-club
images/A-spade_10-club_9ba43a50.jpg,masks/mask_A-spade_10-club_9ba43a50.jpg,A-spade_10-club
images/6-spade_K-club_8f500143.jpg,masks/mask_6-spade_K-club_8f500143.jpg,6-spade_K-club
images/9-diamond_A-heart_6af224ee.jpg,masks/mask_9-diamond_A-heart_6af224ee.jpg,9-diamond_A-heart
images/7-club_6-heart_6112d2dc.jpg,masks/mask_7-club_6-heart_6112d2dc.jpg,7-club_6-heart
images/K-heart_J-club_80bb71a4.jpg,masks/mask_K-heart_J-club_80bb71a4.jpg,K-heart_J-club
images/6-spade_2-diamond_4398b52c.jpg,masks/mask_6-spade_2-diamond_4398b52c.jpg,6-spade_2-diamond
images/7-spade_3-diamond_bfb5d11f.jpg,masks/mask_7-spade_3-diamond_bfb5d11f.jpg,7-spade_3-diamond
images/3-heart_3-diamond_439a3473.jpg,masks/mask_3-heart_3-diamond_439a3473.jpg,3-heart_3-diamond
images/A-diamond_8-heart_fddde070.jpg,masks/mask_A-diamond_8-heart_fddde070.jpg,A-diamond_8-heart
images/8-club_5-club_c6af0207.jpg,masks/mask_8-club_5-club_c6af0207.jpg,8-club_5-club
images/7-spade_4-spade_91d702a7.jpg,masks/mask_7-spade_4-spade_91d702a7.jpg,7-spade_4-spade
images/9-club_4-heart_f65611f0.jpg,masks/mask_9-club_4-heart_f65611f0.jpg,9-club_4-heart
images/5-diamond_K-club_ba7bbf94.jpg,masks/mask_5-diamond_K-club_ba7bbf94.jpg,5-diamond_K-club
images/2-diamond_10-diamond_51b15457.jpg,masks/mask_2-diamond_10-diamond_51b15457.jpg,2-diamond_10-diamond
images/5-spade_10-club_edfb19ec.jpg,masks/mask_5-spade_10-club_edfb19ec.jpg,5-spade_10-club
images/2-club_7-spade_3738c2c8.jpg,masks/mask_2-club_7-spade_3738c2c8.jpg,2-club_7-spade
images/K-club_3-heart_5648e1db.jpg,masks/mask_K-club_3-heart_5648e1db.jpg,K-club_3-heart
images/3-diamond_K-club_6844c265.jpg,masks/mask_3-diamond_K-club_6844c265.jpg,3-diamond_K-club
images/6-diamond_7-diamond_452ec966.jpg,masks/mask_6-diamond_7-diamond_452ec966.jpg,6-diamond_7-diamond
images/9-spade_7-club_cad9514d.jpg,masks/mask_9-spade_7-club_cad9514d.jpg,9-spade_7-club
images/J-heart_8-heart_675d07ca.jpg,masks/mask_J-heart_8-heart_675d07ca.jpg,J-heart_8-heart
images/A-heart_K-diamond_d834cb21.jpg,masks/mask_A-heart_K-diamond_d834cb21.jpg,A-heart_K-diamond
images/10-club_7-heart_b2711a8d.jpg,masks/mask_10-club_7-heart_b2711a8d.jpg,10-club_7-heart
images/9-heart_6-spade_54df19e6.jpg,masks/mask_9-heart_6-spade_54df19e6.jpg,9-heart_6-spade
images/K-spade_6-diamond_64dae518.jpg,masks/mask_K-spade_6-diamond_64dae518.jpg,K-spade_6-diamond
images/Q-club_K-diamond_d1052411.jpg,masks/mask_Q-club_K-diamond_d1052411.jpg,Q-club_K-diamond
images/8-diamond_Q-heart_adaa6c5b.jpg,masks/mask_8-diamond_Q-heart_adaa6c5b.jpg,8-diamond_Q-heart
images/4-heart_A-diamond_82c76c3a.jpg,masks/mask_4-heart_A-diamond_82c76c3a.jpg,4-heart_A-diamond
images/4-diamond_A-heart_3f906a6d.jpg,masks/mask_4-diamond_A-heart_3f906a6d.jpg,4-diamond_A-heart
images/8-heart_9-diamond_99a8c863.jpg,masks/mask_8-heart_9-diamond_99a8c863.jpg,8-heart_9-diamond
images/7-spade_J-diamond_06456b9e.jpg,masks/mask_7-spade_J-diamond_06456b9e.jpg,7-spade_J-diamond
images/J-diamond_2-diamond_2833f67c.jpg,masks/mask_J-diamond_2-diamond_2833f67c.jpg,J-diamond_2-diamond
images/7-heart_Q-spade_92101824.jpg,masks/mask_7-heart_Q-spade_92101824.jpg,7-heart_Q-spade
images/J-heart_3-spade_509abd70.jpg,masks/mask_J-heart_3-spade_509abd70.jpg,J-heart_3-spade
images/7-club_A-spade_ae160a6e.jpg,masks/mask_7-club_A-spade_ae160a6e.jpg,7-club_A-spade
images/3-diamond_K-spade_e4633635.jpg,masks/mask_3-diamond_K-spade_e4633635.jpg,3-diamond_K-spade
images/J-heart_6-diamond_4543c395.jpg,masks/mask_J-heart_6-diamond_4543c395.jpg,J-heart_6-diamond
images/A-heart_9-club_b794f481.jpg,masks/mask_A-heart_9-club_b794f481.jpg,A-heart_9-club
images/2-spade_7-club_33b7309e.jpg,masks/mask_2-spade_7-club_33b7309e.jpg,2-spade_7-club
images/9-diamond_7-heart_2f4e4605.jpg,masks/mask_9-diamond_7-heart_2f4e4605.jpg,9-diamond_7-heart
images/J-heart_8-spade_1485b546.jpg,masks/mask_J-heart_8-spade_1485b546.jpg,J-heart_8-spade
images/5-heart_6-diamond_97e0a58d.jpg,masks/mask_5-heart_6-diamond_97e0a58d.jpg,5-heart_6-diamond
images/7-diamond_9-diamond_5529485e.jpg,masks/mask_7-diamond_9-diamond_5529485e.jpg,7-diamond_9-diamond
images/3-diamond_9-diamond_fde68086.jpg,masks/mask_3-diamond_9-diamond_fde68086.jpg,3-diamond_9-diamond
images/4-diamond_Q-heart_a2540542.jpg,masks/mask_4-diamond_Q-heart_a2540542.jpg,4-diamond_Q-heart
images/8-spade_8-club_7ee025f2.jpg,masks/mask_8-spade_8-club_7ee025f2.jpg,8-spade_8-club
images/5-diamond_9-club_cc1a18ae.jpg,masks/mask_5-diamond_9-club_cc1a18ae.jpg,5-diamond_9-club
images/3-heart_K-spade_6216e8de.jpg,masks/mask_3-heart_K-spade_6216e8de.jpg,3-heart_K-spade
images/J-heart_10-heart_0c8121b5.jpg,masks/mask_J-heart_10-heart_0c8121b5.jpg,J-heart_10-heart
images/2-heart_6-diamond_71da4ff8.jpg,masks/mask_2-heart_6-diamond_71da4ff8.jpg,2-heart_6-diamond
images/7-spade_J-heart_5083cd81.jpg,masks/mask_7-spade_J-heart_5083cd81.jpg,7-spade_J-heart
images/10-heart_2-diamond_2457a829.jpg,masks/mask_10-heart_2-diamond_2457a829.jpg,10-heart_2-diamond
images/6-club_J-heart_30855a9a.jpg,masks/mask_6-club_J-heart_30855a9a.jpg,6-club_J-heart
images/3-spade_Q-club_191810b3.jpg,masks/mask_3-spade_Q-club_191810b3.jpg,3-spade_Q-club
images/8-spade_2-diamond_85368d7a.jpg,masks/mask_8-spade_2-diamond_85368d7a.jpg,8-spade_2-diamond
images/10-spade_5-diamond_cb325445.jpg,masks/mask_10-spade_5-diamond_cb325445.jpg,10-spade_5-diamond
images/2-spade_10-heart_e3139fc3.jpg,masks/mask_2-spade_10-heart_e3139fc3.jpg,2-spade_10-heart
images/7-club_3-club_6782e753.jpg,masks/mask_7-club_3-club_6782e753.jpg,7-club_3-club
images/K-heart_8-spade_8c922149.jpg,masks/mask_K-heart_8-spade_8c922149.jpg,K-heart_8-spade
images/Q-diamond_3-diamond_faa5a6e4.jpg,masks/mask_Q-diamond_3-diamond_faa5a6e4.jpg,Q-diamond_3-diamond
images/10-heart_J-club_e12adfe4.jpg,masks/mask_10-heart_J-club_e12adfe4.jpg,10-heart_J-club
images/7-diamond_3-club_1ae9c10d.jpg,masks/mask_7-diamond_3-club_1ae9c10d.jpg,7-diamond_3-club
images/A-club_5-club_90b85c8e.jpg,masks/mask_A-club_5-club_90b85c8e.jpg,A-club_5-club
images/9-heart_2-heart_bc6981ce.jpg,masks/mask_9-heart_2-heart_bc6981ce.jpg,9-heart_2-heart
images/K-spade_9-heart_662dd028.jpg,masks/mask_K-spade_9-heart_662dd028.jpg,K-spade_9-heart
images/J-heart_10-club_a3a605cc.jpg,masks/mask_J-heart_10-club_a3a605cc.jpg,J-heart_10-club
images/2-diamond_Q-heart_6da3b768.jpg,masks/mask_2-diamond_Q-heart_6da3b768.jpg,2-diamond_Q-heart
images/8-club_4-club_1fccf7fe.jpg,masks/mask_8-club_4-club_1fccf7fe.jpg,8-club_4-club
images/4-diamond_7-heart_b22eb393.jpg,masks/mask_4-diamond_7-heart_b22eb393.jpg,4-diamond_7-heart
images/9-diamond_2-club_1def48cb.jpg,masks/mask_9-diamond_2-club_1def48cb.jpg,9-diamond_2-club
images/8-diamond_7-heart_b366cafe.jpg,masks/mask_8-diamond_7-heart_b366cafe.jpg,8-diamond_7-heart
images/5-heart_J-spade_e2984e5e.jpg,masks/mask_5-heart_J-spade_e2984e5e.jpg,5-heart_J-spade
images/K-heart_10-spade_a490f388.jpg,masks/mask_K-heart_10-spade_a490f388.jpg,K-heart_10-spade
images/5-club_9-spade_66256fcd.jpg,masks/mask_5-club_9-spade_66256fcd.jpg,5-club_9-spade
images/2-diamond_7-heart_7c9ccdad.jpg,masks/mask_2-diamond_7-heart_7c9ccdad.jpg,2-diamond_7-heart
images/9-club_10-diamond_285747a6.jpg,masks/mask_9-club_10-diamond_285747a6.jpg,9-club_10-diamond
images/J-spade_3-club_0045569f.jpg,masks/mask_J-spade_3-club_0045569f.jpg,J-spade_3-club
images/10-spade_5-spade_806d4265.jpg,masks/mask_10-spade_5-spade_806d4265.jpg,10-spade_5-spade
images/5-club_A-club_6f24252f.jpg,masks/mask_5-club_A-club_6f24252f.jpg,5-club_A-club
images/A-club_A-diamond_db43f005.jpg,masks/mask_A-club_A-diamond_db43f005.jpg,A-club_A-diamond
images/4-diamond_Q-club_555b7591.jpg,masks/mask_4-diamond_Q-club_555b7591.jpg,4-diamond_Q-club
images/7-diamond_4-heart_aaf665b8.jpg,masks/mask_7-diamond_4-heart_aaf665b8.jpg,7-diamond_4-heart
images/K-diamond_9-spade_f3c95d5b.jpg,masks/mask_K-diamond_9-spade_f3c95d5b.jpg,K-diamond_9-spade
images/3-club_9-diamond_fcdbd404.jpg,masks/mask_3-club_9-diamond_fcdbd404.jpg,3-club_9-diamond
images/9-spade_J-heart_42136a8c.jpg,masks/mask_9-spade_J-heart_42136a8c.jpg,9-spade_J-heart
images/5-club_9-heart_5b1e66b4.jpg,masks/mask_5-club_9-heart_5b1e66b4.jpg,5-club_9-heart
images/A-diamond_Q-spade_9b4f0fec.jpg,masks/mask_A-diamond_Q-spade_9b4f0fec.jpg,A-diamond_Q-spade
images/5-heart_7-club_88b96e3d.jpg,masks/mask_5-heart_7-club_88b96e3d.jpg,5-heart_7-club
images/Q-club_5-heart_2d0d8cb1.jpg,masks/mask_Q-club_5-heart_2d0d8cb1.jpg,Q-club_5-heart
images/6-diamond_K-heart_09acfb7b.jpg,masks/mask_6-diamond_K-heart_09acfb7b.jpg,6-diamond_K-heart
images/9-club_A-spade_dd82d129.jpg,masks/mask_9-club_A-spade_dd82d129.jpg,9-club_A-spade
images/3-spade_4-spade_899a26bc.jpg,masks/mask_3-spade_4-spade_899a26bc.jpg,3-spade_4-spade
images/6-diamond_5-spade_20db10af.jpg,masks/mask_6-diamond_5-spade_20db10af.jpg,6-diamond_5-spade
images/10-club_5-diamond_e00143ed.jpg,masks/mask_10-club_5-diamond_e00143ed.jpg,10-club_5-diamond
images/7-club_5-diamond_675d81f7.jpg,masks/mask_7-club_5-diamond_675d81f7.jpg,7-club_5-diamond
images/9-heart_10-club_610c1fc5.jpg,masks/mask_9-heart_10-club_610c1fc5.jpg,9-heart_10-club
images/A-spade_J-heart_5ac0a68b.jpg,masks/mask_A-spade_J-heart_5ac0a68b.jpg,A-spade_J-heart
images/7-spade_9-club_1a4509d1.jpg,masks/mask_7-spade_9-club_1a4509d1.jpg,7-spade_9-club
images/10-spade_2-club_05c6573f.jpg,masks/mask_10-spade_2-club_05c6573f.jpg,10-spade_2-club
images/3-heart_3-spade_2c89b90a.jpg,masks/mask_3-heart_3-spade_2c89b90a.jpg,3-heart_3-spade
images/J-spade_2-heart_d84ccd5e.jpg,masks/mask_J-spade_2-heart_d84ccd5e.jpg,J-spade_2-heart
images/A-heart_4-heart_fa7c30e4.jpg,masks/mask_A-heart_4-heart_fa7c30e4.jpg,A-heart_4-heart
images/9-heart_3-heart_d5492645.jpg,masks/mask_9-heart_3-heart_d5492645.jpg,9-heart_3-heart
images/4-heart_5-heart_5db250fd.jpg,masks/mask_4-heart_5-heart_5db250fd.jpg,4-heart_5-heart
images/10-diamond_3-diamond_61bbba5c.jpg,masks/mask_10-diamond_3-diamond_61bbba5c.jpg,10-diamond_3-diamond
images/2-diamond_6-spade_19d179ac.jpg,masks/mask_2-diamond_6-spade_19d179ac.jpg,2-diamond_6-spade
images/7-diamond_A-diamond_4b18d651.jpg,masks/mask_7-diamond_A-diamond_4b18d651.jpg,7-diamond_A-diamond
images/K-heart_J-heart_85f0203e.jpg,masks/mask_K-heart_J-heart_85f0203e.jpg,K-heart_J-heart
images/2-diamond_10-diamond_c10dc9ef.jpg,masks/mask_2-diamond_10-diamond_c10dc9ef.jpg,2-diamond_10-diamond
images/8-diamond_7-heart_4b93a56c.jpg,masks/mask_8-diamond_7-heart_4b93a56c.jpg,8-diamond_7-heart
images/4-club_8-spade_9cc8e1f0.jpg,masks/mask_4-club_8-spade_9cc8e1f0.jpg,4-club_8-spade
images/8-spade_Q-spade_aa276e8e.jpg,masks/mask_8-spade_Q-spade_aa276e8e.jpg,8-spade_Q-spade
images/4-diamond_Q-club_fe1ebec8.jpg,masks/mask_4-diamond_Q-club_fe1ebec8.jpg,4-diamond_Q-club
images/K-diamond_2-spade_e9f6b24e.jpg,masks/mask_K-diamond_2-spade_e9f6b24e.jpg,K-diamond_2-spade
images/8-heart_6-club_eb398872.jpg,masks/mask_8-heart_6-club_eb398872.jpg,8-heart_6-club
images/6-diamond_4-diamond_7d958938.jpg,masks/mask_6-diamond_4-diamond_7d958938.jpg,6-diamond_4-diamond
images/A-heart_5-diamond_b61729c0.jpg,masks/mask_A-heart_5-diamond_b61729c0.jpg,A-heart_5-diamond
images/3-diamond_Q-diamond_9a672d92.jpg,masks/mask_3-diamond_Q-diamond_9a672d92.jpg,3-diamond_Q-diamond
images/9-club_9-club_a8dd1a07.jpg,masks/mask_9-club_9-club_a8dd1a07.jpg,9-club_9-club
images/8-diamond_7-heart_d8e138bd.jpg,masks/mask_8-diamond_7-heart_d8e138bd.jpg,8-diamond_7-heart
images/10-spade_4-club_61f1afa2.jpg,masks/mask_10-spade_4-club_61f1afa2.jpg,10-spade_4-club
images/6-club_3-spade_4c2ace10.jpg,masks/mask_6-club_3-spade_4c2ace10.jpg,6-club_3-spade
images/2-diamond_K-club_d64b01fd.jpg,masks/mask_2-diamond_K-club_d64b01fd.jpg,2-diamond_K-club
images/2-diamond_3-heart_e97c0cd5.jpg,masks/mask_2-diamond_3-heart_e97c0cd5.jpg,2-diamond_3-heart
images/K-diamond_9-spade_f665e8eb.jpg,masks/mask_K-diamond_9-spade_f665e8eb.jpg,K-diamond_9-spade
images/3-heart_4-club_8a9906e6.jpg,masks/mask_3-heart_4-club_8a9906e6.jpg,3-heart_4-club
images/8-heart_7-spade_f748c38e.jpg,masks/mask_8-heart_7-spade_f748c38e.jpg,8-heart_7-spade
images/5-club_Q-spade_210fe47b.jpg,masks/mask_5-club_Q-spade_210fe47b.jpg,5-club_Q-spade
images/8-spade_6-heart_af708685.jpg,masks/mask_8-spade_6-heart_af708685.jpg,8-spade_6-heart
images/5-club_4-club_ed1cff5e.jpg,masks/mask_5-club_4-club_ed1cff5e.jpg,5-club_4-club
images/5-diamond_8-spade_4a0e8c48.jpg,masks/mask_5-diamond_8-spade_4a0e8c48.jpg,5-diamond_8-spade
images/6-club_10-spade_cbcd53f7.jpg,masks/mask_6-club_10-spade_cbcd53f7.jpg,6-club_10-spade
images/9-diamond_K-diamond_4c0f868e.jpg,masks/mask_9-diamond_K-diamond_4c0f868e.jpg,9-diamond_K-diamond
images/9-diamond_Q-diamond_8e8816f2.jpg,masks/mask_9-diamond_Q-diamond_8e8816f2.jpg,9-diamond_Q-diamond
images/7-spade_3-heart_c92683ee.jpg,masks/mask_7-spade_3-heart_c92683ee.jpg,7-spade_3-heart
images/Q-spade_3-heart_198881ef.jpg,masks/mask_Q-spade_3-heart_198881ef.jpg,Q-spade_3-heart
images/6-diamond_8-diamond_ab55a32e.jpg,masks/mask_6-diamond_8-diamond_ab55a32e.jpg,6-diamond_8-diamond
images/4-heart_2-spade_accd6c54.jpg,masks/mask_4-heart_2-spade_accd6c54.jpg,4-heart_2-spade
images/10-diamond_7-diamond_3785bf00.jpg,masks/mask_10-diamond_7-diamond_3785bf00.jpg,10-diamond_7-diamond
images/3-diamond_A-diamond_b8cb7a9f.jpg,masks/mask_3-diamond_A-diamond_b8cb7a9f.jpg,3-diamond_A-diamond
images/3-diamond_6-diamond_a228b833.jpg,masks/mask_3-diamond_6-diamond_a228b833.jpg,3-diamond_6-diamond
images/2-heart_J-spade_e01bbbd1.jpg,masks/mask_2-heart_J-spade_e01bbbd1.jpg,2-heart_J-spade
images/9-spade_2-heart_424db6bf.jpg,masks/mask_9-spade_2-heart_424db6bf.jpg,9-spade_2-heart
images/4-heart_7-spade_930f660c.jpg,masks/mask_4-heart_7-spade_930f660c.jpg,4-heart_7-spade
images/3-club_A-spade_197aa69a.jpg,masks/mask_3-club_A-spade_197aa69a.jpg,3-club_A-spade
images/Q-diamond_5-club_2d34eece.jpg,masks/mask_Q-diamond_5-club_2d34eece.jpg,Q-diamond_5-club
images/3-club_8-club_44badbfb.jpg,masks/mask_3-club_8-club_44badbfb.jpg,3-club_8-club
images/K-club_2-club_4d8d854a.jpg,masks/mask_K-club_2-club_4d8d854a.jpg,K-club_2-club
images/5-diamond_4-heart_cf620d9b.jpg,masks/mask_5-diamond_4-heart_cf620d9b.jpg,5-diamond_4-heart
images/A-diamond_4-heart_583d5c6c.jpg,masks/mask_A-diamond_4-heart_583d5c6c.jpg,A-diamond_4-heart
images/K-diamond_J-heart_e25d9a0b.jpg,masks/mask_K-diamond_J-heart_e25d9a0b.jpg,K-diamond_J-heart
images/K-diamond_7-diamond_8f1ace86.jpg,masks/mask_K-diamond_7-diamond_8f1ace86.jpg,K-diamond_7-diamond
images/3-club_J-diamond_f7edfe91.jpg,masks/mask_3-club_J-diamond_f7edfe91.jpg,3-club_J-diamond
images/8-club_2-club_3d743c09.jpg,masks/mask_8-club_2-club_3d743c09.jpg,8-club_2-club
images/10-club_8-club_df724153.jpg,masks/mask_10-club_8-club_df724153.jpg,10-club_8-club
images/4-diamond_A-heart_8277715f.jpg,masks/mask_4-diamond_A-heart_8277715f.jpg,4-diamond_A-heart
images/J-heart_6-club_5f007e5a.jpg,masks/mask_J-heart_6-club_5f007e5a.jpg,J-heart_6-club
images/A-club_K-spade_b7178c2a.jpg,masks/mask_A-club_K-spade_b7178c2a.jpg,A-club_K-spade
images/8-club_10-diamond_22a12816.jpg,masks/mask_8-club_10-diamond_22a12816.jpg,8-club_10-diamond
images/J-heart_A-heart_cac3d08a.jpg,masks/mask_J-heart_A-heart_cac3d08a.jpg,J-heart_A-heart
images/2-spade_7-heart_c48df77f.jpg,masks/mask_2-spade_7-heart_c48df77f.jpg,2-spade_7-heart
images/6-heart_A-spade_22c6c5e9.jpg,masks/mask_6-heart_A-spade_22c6c5e9.jpg,6-heart_A-spade
images/A-spade_K-club_865f8b54.jpg,masks/mask_A-spade_K-club_865f8b54.jpg,A-spade_K-club
images/A-heart_6-heart_7c16fa48.jpg,masks/mask_A-heart_6-heart_7c16fa48.jpg,A-heart_6-heart
images/7-diamond_3-club_e01d4d85.jpg,masks/mask_7-diamond_3-club_e01d4d85.jpg,7-diamond_3-club
images/Q-diamond_3-spade_4efe70e8.jpg,masks/mask_Q-diamond_3-spade_4efe70e8.jpg,Q-diamond_3-spade
images/Q-spade_8-diamond_7529575e.jpg,masks/mask_Q-spade_8-diamond_7529575e.jpg,Q-spade_8-diamond
images/Q-heart_8-spade_a025ae38.jpg,masks/mask_Q-heart_8-spade_a025ae38.jpg,Q-heart_8-spade
images/A-spade_K-spade_f029201d.jpg,masks/mask_A-spade_K-spade_f029201d.jpg,A-spade_K-spade
images/J-club_A-heart_0b9e6362.jpg,masks/mask_J-club_A-heart_0b9e6362.jpg,J-club_A-heart
images/2-heart_A-diamond_ca32f682.jpg,masks/mask_2-heart_A-diamond_ca32f682.jpg,2-heart_A-diamond
images/K-club_A-heart_8420ff27.jpg,masks/mask_K-club_A-heart_8420ff27.jpg,K-club_A-heart
images/7-heart_4-club_e835732e.jpg,masks/mask_7-heart_4-club_e835732e.jpg,7-heart_4-club
images/6-diamond_9-diamond_dfdf9ea6.jpg,masks/mask_6-diamond_9-diamond_dfdf9ea6.jpg,6-diamond_9-diamond
images/J-diamond_2-spade_41ac8021.jpg,masks/mask_J-diamond_2-spade_41ac8021.jpg,J-diamond_2-spade
images/A-club_9-club_b8491ac6.jpg,masks/mask_A-club_9-club_b8491ac6.jpg,A-club_9-club
images/8-spade_8-heart_786a078c.jpg,masks/mask_8-spade_8-heart_786a078c.jpg,8-spade_8-heart
images/9-club_6-club_0eaf4b3f.jpg,masks/mask_9-club_6-club_0eaf4b3f.jpg,9-club_6-club
images/Q-diamond_8-club_e1da3109.jpg,masks/mask_Q-diamond_8-club_e1da3109.jpg,Q-diamond_8-club
images/6-diamond_5-heart_dcbdb6fa.jpg,masks/mask_6-diamond_5-heart_dcbdb6fa.jpg,6-diamond_5-heart
images/Q-spade_3-club_3d9ed3fc.jpg,masks/mask_Q-spade_3-club_3d9ed3fc.jpg,Q-spade_3-club
images/6-club_10-diamond_0bd8efef.jpg,masks/mask_6-club_10-diamond_0bd8efef.jpg,6-club_10-diamond
images/Q-heart_3-heart_bdb0fde8.jpg,masks/mask_Q-heart_3-heart_bdb0fde8.jpg,Q-heart_3-heart
images/Q-spade_J-club_13f18d06.jpg,masks/mask_Q-spade_J-club_13f18d06.jpg,Q-spade_J-club
images/10-club_7-spade_8a7392e8.jpg,masks/mask_10-club_7-spade_8a7392e8.jpg,10-club_7-spade
images/2-diamond_8-diamond_55f410f9.jpg,masks/mask_2-diamond_8-diamond_55f410f9.jpg,2-diamond_8-diamond
images/5-club_3-club_4d7c23dd.jpg,masks/mask_5-club_3-club_4d7c23dd.jpg,5-club_3-club
images/8-diamond_8-spade_2193bae2.jpg,masks/mask_8-diamond_8-spade_2193bae2.jpg,8-diamond_8-spade
images/8-club_Q-diamond_497b2ca7.jpg,masks/mask_8-club_Q-diamond_497b2ca7.jpg,8-club_Q-diamond
images/Q-spade_2-spade_d552eeba.jpg,masks/mask_Q-spade_2-spade_d552eeba.jpg,Q-spade_2-spade
images/10-club_K-spade_881493b0.jpg,masks/mask_10-club_K-spade_881493b0.jpg,10-club_K-spade
images/Q-heart_Q-club_29765bbe.jpg,masks/mask_Q-heart_Q-club_29765bbe.jpg,Q-heart_Q-club
images/4-heart_A-spade_fd976a0d.jpg,masks/mask_4-heart_A-spade_fd976a0d.jpg,4-heart_A-spade
images/5-diamond_7-club_06684ae3.jpg,masks/mask_5-diamond_7-club_06684ae3.jpg,5-diamond_7-club
images/7-club_J-diamond_82639084.jpg,masks/mask_7-club_J-diamond_82639084.jpg,7-club_J-diamond
images/6-diamond_7-spade_7db223f5.jpg,masks/mask_6-diamond_7-spade_7db223f5.jpg,6-diamond_7-spade
images/4-spade_5-diamond_fe4f49c4.jpg,masks/mask_4-spade_5-diamond_fe4f49c4.jpg,4-spade_5-diamond
images/3-club_2-spade_6a098f71.jpg,masks/mask_3-club_2-spade_6a098f71.jpg,3-club_2-spade
images/K-club_J-club_fd788921.jpg,masks/mask_K-club_J-club_fd788921.jpg,K-club_J-club
images/J-diamond_8-club_70e6431c.jpg,masks/mask_J-diamond_8-club_70e6431c.jpg,J-diamond_8-club
images/A-club_4-heart_69455242.jpg,masks/mask_A-club_4-heart_69455242.jpg,A-club_4-heart
images/7-spade_3-club_71b19ea5.jpg,masks/mask_7-spade_3-club_71b19ea5.jpg,7-spade_3-club
images/2-spade_J-spade_b2c7dfb2.jpg,masks/mask_2-spade_J-spade_b2c7dfb2.jpg,2-spade_J-spade
images/5-spade_J-club_eac80782.jpg,masks/mask_5-spade_J-club_eac80782.jpg,5-spade_J-club
images/Q-heart_A-club_fd38da7c.jpg,masks/mask_Q-heart_A-club_fd38da7c.jpg,Q-heart_A-club
images/10-diamond_10-club_fce52a45.jpg,masks/mask_10-diamond_10-club_fce52a45.jpg,10-diamond_10-club
images/Q-heart_J-diamond_29de7b9e.jpg,masks/mask_Q-heart_J-diamond_29de7b9e.jpg,Q-heart_J-diamond
images/6-diamond_4-club_8eb59b34.jpg,masks/mask_6-diamond_4-club_8eb59b34.jpg,6-diamond_4-club
images/3-heart_7-spade_04c8eea4.jpg,masks/mask_3-heart_7-spade_04c8eea4.jpg,3-heart_7-spade
images/A-club_Q-diamond_c5600942.jpg,masks/mask_A-club_Q-diamond_c5600942.jpg,A-club_Q-diamond
images/4-club_5-heart_94ff9284.jpg,masks/mask_4-club_5-heart_94ff9284.jpg,4-club_5-heart
images/6-heart_4-spade_8566d78a.jpg,masks/mask_6-heart_4-spade_8566d78a.jpg,6-heart_4-spade
images/J-diamond_3-spade_4c66cbef.jpg,masks/mask_J-diamond_3-spade_4c66cbef.jpg,J-diamond_3-spade
images/K-heart_3-club_d6cda32d.jpg,masks/mask_K-heart_3-club_d6cda32d.jpg,K-heart_3-club
images/J-spade_K-diamond_f562fe81.jpg,masks/mask_J-spade_K-diamond_f562fe81.jpg,J-spade_K-diamond
images/A-diamond_9-diamond_fef5371b.jpg,masks/mask_A-diamond_9-diamond_fef5371b.jpg,A-diamond_9-diamond
images/A-club_K-heart_a157987c.jpg,masks/mask_A-club_K-heart_a157987c.jpg,A-club_K-heart
images/2-club_10-club_5e11039c.jpg,masks/mask_2-club_10-club_5e11039c.jpg,2-club_10-club
images/Q-diamond_3-spade_f801d72a.jpg,masks/mask_Q-diamond_3-spade_f801d72a.jpg,Q-diamond_3-spade
images/4-spade_10-diamond_caf03b56.jpg,masks/mask_4-spade_10-diamond_caf03b56.jpg,4-spade_10-diamond
images/6-spade_K-spade_13364dd7.jpg,masks/mask_6-spade_K-spade_13364dd7.jpg,6-spade_K-spade
images/10-club_A-club_f0e7be74.jpg,masks/mask_10-club_A-club_f0e7be74.jpg,10-club_A-club
images/7-spade_6-heart_db805b9f.jpg,masks/mask_7-spade_6-heart_db805b9f.jpg,7-spade_6-heart
images/3-diamond_4-spade_ff08bf33.jpg,masks/mask_3-diamond_4-spade_ff08bf33.jpg,3-diamond_4-spade
images/10-heart_K-diamond_53ae1d55.jpg,masks/mask_10-heart_K-diamond_53ae1d55.jpg,10-heart_K-diamond
images/2-spade_3-spade_2f92a81c.jpg,masks/mask_2-spade_3-spade_2f92a81c.jpg,2-spade_3-spade
images/5-heart_3-club_c9a5d042.jpg,masks/mask_5-heart_3-club_c9a5d042.jpg,5-heart_3-club
images/8-diamond_Q-club_3e55d4ee.jpg,masks/mask_8-diamond_Q-club_3e55d4ee.jpg,8-diamond_Q-club
images/2-spade_8-club_827f4cf0.jpg,masks/mask_2-spade_8-club_827f4cf0.jpg,2-spade_8-club
images/J-spade_2-heart_247e2d3c.jpg,masks/mask_J-spade_2-heart_247e2d3c.jpg,J-spade_2-heart
images/A-diamond_5-club_edc6cffb.jpg,masks/mask_A-diamond_5-club_edc6cffb.jpg,A-diamond_5-club
images/7-diamond_J-heart_1dc7416d.jpg,masks/mask_7-diamond_J-heart_1dc7416d.jpg,7-diamond_J-heart
images/2-diamond_7-heart_abcb08db.jpg,masks/mask_2-diamond_7-heart_abcb08db.jpg,2-diamond_7-heart
images/6-heart_5-diamond_7edb430b.jpg,masks/mask_6-heart_5-diamond_7edb430b.jpg,6-heart_5-diamond
images/9-heart_2-club_f7a600c3.jpg,masks/mask_9-heart_2-club_f7a600c3.jpg,9-heart_2-club
images/8-heart_3-spade_394bafeb.jpg,masks/mask_8-heart_3-spade_394bafeb.jpg,8-heart_3-spade
images/9-diamond_K-diamond_3d3d01aa.jpg,masks/mask_9-diamond_K-diamond_3d3d01aa.jpg,9-diamond_K-diamond
images/Q-club_J-club_bab5aca6.jpg,masks/mask_Q-club_J-club_bab5aca6.jpg,Q-club_J-club
images/10-heart_5-spade_231cdfde.jpg,masks/mask_10-heart_5-spade_231cdfde.jpg,10-heart_5-spade
images/K-diamond_7-club_92bce24b.jpg,masks/mask_K-diamond_7-club_92bce24b.jpg,K-diamond_7-club
images/10-heart_2-diamond_0f8fcc88.jpg,masks/mask_10-heart_2-diamond_0f8fcc88.jpg,10-heart_2-diamond
images/Q-club_2-club_c885d447.jpg,masks/mask_Q-club_2-club_c885d447.jpg,Q-club_2-club
images/2-spade_10-spade_cbf70e8b.jpg,masks/mask_2-spade_10-spade_cbf70e8b.jpg,2-spade_10-spade
images/9-club_Q-spade_1b703a4a.jpg,masks/mask_9-club_Q-spade_1b703a4a.jpg,9-club_Q-spade
images/8-club_10-spade_8edc3715.jpg,masks/mask_8-club_10-spade_8edc3715.jpg,8-club_10-spade
images/4-diamond_5-club_8bee2e5f.jpg,masks/mask_4-diamond_5-club_8bee2e5f.jpg,4-diamond_5-club
images/5-spade_9-diamond_3030821c.jpg,masks/mask_5-spade_9-diamond_3030821c.jpg,5-spade_9-diamond
images/7-spade_7-club_70d41112.jpg,masks/mask_7-spade_7-club_70d41112.jpg,7-spade_7-club
images/5-spade_9-club_3394df8b.jpg,masks/mask_5-spade_9-club_3394df8b.jpg,5-spade_9-club
images/10-heart_2-diamond_7ad37496.jpg,masks/mask_10-heart_2-diamond_7ad37496.jpg,10-heart_2-diamond
images/8-diamond_10-spade_76db37c3.jpg,masks/mask_8-diamond_10-spade_76db37c3.jpg,8-diamond_10-spade
images/7-spade_4-heart_356a2a83.jpg,masks/mask_7-spade_4-heart_356a2a83.jpg,7-spade_4-heart
images/10-spade_3-club_ec1d85cd.jpg,masks/mask_10-spade_3-club_ec1d85cd.jpg,10-spade_3-club
images/10-diamond_10-diamond_44d33c7c.jpg,masks/mask_10-diamond_10-diamond_44d33c7c.jpg,10-diamond_10-diamond
images/2-heart_5-spade_de293b22.jpg,masks/mask_2-heart_5-spade_de293b22.jpg,2-heart_5-spade
images/6-diamond_8-club_f0fe5447.jpg,masks/mask_6-diamond_8-club_f0fe5447.jpg,6-diamond_8-club
images/3-club_J-diamond_25319372.jpg,masks/mask_3-club_J-diamond_25319372.jpg,3-club_J-diamond
images/10-heart_5-club_9ae62762.jpg,masks/mask_10-heart_5-club_9ae62762.jpg,10-heart_5-club
images/10-club_5-spade_21ef62ca.jpg,masks/mask_10-club_5-spade_21ef62ca.jpg,10-club_5-spade
images/6-diamond_3-club_0baea9c4.jpg,masks/mask_6-diamond_3-club_0baea9c4.jpg,6-diamond_3-club
images/K-heart_6-club_12d4c76c.jpg,masks/mask_K-heart_6-club_12d4c76c.jpg,K-heart_6-club
images/A-club_2-spade_9e6f0fa6.jpg,masks/mask_A-club_2-spade_9e6f0fa6.jpg,A-club_2-spade
images/3-club_7-spade_8696653a.jpg,masks/mask_3-club_7-spade_8696653a.jpg,3-club_7-spade
images/5-spade_2-club_90785011.jpg,masks/mask_5-spade_2-club_90785011.jpg,5-spade_2-club
images/3-spade_7-diamond_28a80ba0.jpg,masks/mask_3-spade_7-diamond_28a80ba0.jpg,3-spade_7-diamond
images/3-heart_7-diamond_31bfeda2.jpg,masks/mask_3-heart_7-diamond_31bfeda2.jpg,3-heart_7-diamond
images/5-heart_4-heart_77ede60b.jpg,masks/mask_5-heart_4-heart_77ede60b.jpg,5-heart_4-heart
images/Q-club_A-spade_0814b41c.jpg,masks/mask_Q-club_A-spade_0814b41c.jpg,Q-club_A-spade
images/A-club_4-heart_1f285965.jpg,masks/mask_A-club_4-heart_1f285965.jpg,A-club_4-heart
images/8-club_A-diamond_314f78cc.jpg,masks/mask_8-club_A-diamond_314f78cc.jpg,8-club_A-diamond
images/4-club_10-club_ee640db9.jpg,masks/mask_4-club_10-club_ee640db9.jpg,4-club_10-club
images/3-spade_3-diamond_ed478130.jpg,masks/mask_3-spade_3-diamond_ed478130.jpg,3-spade_3-diamond
images/5-spade_6-heart_465991a6.jpg,masks/mask_5-spade_6-heart_465991a6.jpg,5-spade_6-heart
images/J-club_J-heart_b5391a25.jpg,masks/mask_J-club_J-heart_b5391a25.jpg,J-club_J-heart
images/6-diamond_A-diamond_1d09703a.jpg,masks/mask_6-diamond_A-diamond_1d09703a.jpg,6-diamond_A-diamond
images/8-diamond_4-heart_f1bd3971.jpg,masks/mask_8-diamond_4-heart_f1bd3971.jpg,8-diamond_4-heart
images/10-spade_A-spade_e7366449.jpg,masks/mask_10-spade_A-spade_e7366449.jpg,10-spade_A-spade
images/8-spade_J-club_4d1858f2.jpg,masks/mask_8-spade_J-club_4d1858f2.jpg,8-spade_J-club
images/A-heart_6-spade_56738d6a.jpg,masks/mask_A-heart_6-spade_56738d6a.jpg,A-heart_6-spade
images/7-club_10-club_7c198e23.jpg,masks/mask_7-club_10-club_7c198e23.jpg,7-club_10-club
images/A-heart_4-heart_3ba97636.jpg,masks/mask_A-heart_4-heart_3ba97636.jpg,A-heart_4-heart
images/8-diamond_J-club_1d1393aa.jpg,masks/mask_8-diamond_J-club_1d1393aa.jpg,8-diamond_J-club
images/A-heart_6-spade_50d1ee60.jpg,masks/mask_A-heart_6-spade_50d1ee60.jpg,A-heart_6-spade
images/3-diamond_6-spade_e789d2cb.jpg,masks/mask_3-diamond_6-spade_e789d2cb.jpg,3-diamond_6-spade
images/4-club_Q-club_c60de1e9.jpg,masks/mask_4-club_Q-club_c60de1e9.jpg,4-club_Q-club
images/6-diamond_7-spade_cf369968.jpg,masks/mask_6-diamond_7-spade_cf369968.jpg,6-diamond_7-spade
images/3-diamond_Q-diamond_16e86d96.jpg,masks/mask_3-diamond_Q-diamond_16e86d96.jpg,3-diamond_Q-diamond
images/A-club_6-diamond_dd9c4b35.jpg,masks/mask_A-club_6-diamond_dd9c4b35.jpg,A-club_6-diamond
images/4-spade_6-spade_4a9a44c6.jpg,masks/mask_4-spade_6-spade_4a9a44c6.jpg,4-spade_6-spade
images/K-club_4-diamond_8ab8d131.jpg,masks/mask_K-club_4-diamond_8ab8d131.jpg,K-club_4-diamond
images/2-spade_3-spade_ddd67d3d.jpg,masks/mask_2-spade_3-spade_ddd67d3d.jpg,2-spade_3-spade
images/K-club_K-diamond_355a6205.jpg,masks/mask_K-club_K-diamond_355a6205.jpg,K-club_K-diamond
images/7-heart_5-club_c435405a.jpg,masks/mask_7-heart_5-club_c435405a.jpg,7-heart_5-club
images/10-spade_A-diamond_f1495980.jpg,masks/mask_10-spade_A-diamond_f1495980.jpg,10-spade_A-diamond
images/7-diamond_Q-spade_b25756ea.jpg,masks/mask_7-diamond_Q-spade_b25756ea.jpg,7-diamond_Q-spade
images/Q-heart_7-heart_9583fbf1.jpg,masks/mask_Q-heart_7-heart_9583fbf1.jpg,Q-heart_7-heart
images/6-club_5-heart_731f2704.jpg,masks/mask_6-club_5-heart_731f2704.jpg,6-club_5-heart
images/A-club_3-spade_db604567.jpg,masks/mask_A-club_3-spade_db604567.jpg,A-club_3-spade
images/A-club_8-spade_1a4548c9.jpg,masks/mask_A-club_8-spade_1a4548c9.jpg,A-club_8-spade
images/K-diamond_K-club_66e62160.jpg,masks/mask_K-diamond_K-club_66e62160.jpg,K-diamond_K-club
images/A-diamond_2-spade_acd5f804.jpg,masks/mask_A-diamond_2-spade_acd5f804.jpg,A-diamond_2-spade
images/5-club_3-diamond_5772e8d8.jpg,masks/mask_5-club_3-diamond_5772e8d8.jpg,5-club_3-diamond
images/3-diamond_5-heart_607974eb.jpg,masks/mask_3-diamond_5-heart_607974eb.jpg,3-diamond_5-heart
images/6-spade_7-club_2efc9138.jpg,masks/mask_6-spade_7-club_2efc9138.jpg,6-spade_7-club
images/4-spade_3-spade_ed9c66c1.jpg,masks/mask_4-spade_3-spade_ed9c66c1.jpg,4-spade_3-spade
images/5-heart_A-diamond_217cb777.jpg,masks/mask_5-heart_A-diamond_217cb777.jpg,5-heart_A-diamond
images/6-heart_8-spade_ecbb3d83.jpg,masks/mask_6-heart_8-spade_ecbb3d83.jpg,6-heart_8-spade
images/10-heart_6-heart_13f1d578.jpg,masks/mask_10-heart_6-heart_13f1d578.jpg,10-heart_6-heart
images/3-heart_10-heart_7caf6c21.jpg,masks/mask_3-heart_10-heart_7caf6c21.jpg,3-heart_10-heart
images/6-diamond_6-spade_54d87687.jpg,masks/mask_6-diamond_6-spade_54d87687.jpg,6-diamond_6-spade
images/Q-heart_K-diamond_4deb17bf.jpg,masks/mask_Q-heart_K-diamond_4deb17bf.jpg,Q-heart_K-diamond
images/A-club_8-heart_1e09e3da.jpg,masks/mask_A-club_8-heart_1e09e3da.jpg,A-club_8-heart
images/8-club_Q-diamond_787fb820.jpg,masks/mask_8-club_Q-diamond_787fb820.jpg,8-club_Q-diamond
images/Q-heart_2-heart_55151810.jpg,masks/mask_Q-heart_2-heart_55151810.jpg,Q-heart_2-heart
images/Q-spade_J-club_83995abf.jpg,masks/mask_Q-spade_J-club_83995abf.jpg,Q-spade_J-club
images/J-spade_2-club_94bd5311.jpg,masks/mask_J-spade_2-club_94bd5311.jpg,J-spade_2-club
images/7-heart_J-spade_68bc10d1.jpg,masks/mask_7-heart_J-spade_68bc10d1.jpg,7-heart_J-spade
images/K-heart_J-diamond_7ffe7219.jpg,masks/mask_K-heart_J-diamond_7ffe7219.jpg,K-heart_J-diamond
images/J-heart_2-heart_b4a5680b.jpg,masks/mask_J-heart_2-heart_b4a5680b.jpg,J-heart_2-heart
images/K-heart_7-spade_bc2b3e0c.jpg,masks/mask_K-heart_7-spade_bc2b3e0c.jpg,K-heart_7-spade
images/2-club_9-heart_2f681537.jpg,masks/mask_2-club_9-heart_2f681537.jpg,2-club_9-heart
images/8-diamond_3-club_77ac1285.jpg,masks/mask_8-diamond_3-club_77ac1285.jpg,8-diamond_3-club
images/A-diamond_5-diamond_3cabab62.jpg,masks/mask_A-diamond_5-diamond_3cabab62.jpg,A-diamond_5-diamond
images/8-club_9-club_b094015a.jpg,masks/mask_8-club_9-club_b094015a.jpg,8-club_9-club
images/9-heart_6-diamond_96060875.jpg,masks/mask_9-heart_6-diamond_96060875.jpg,9-heart_6-diamond
images/A-heart_5-diamond_742237a6.jpg,masks/mask_A-heart_5-diamond_742237a6.jpg,A-heart_5-diamond
images/10-club_7-club_e04371c7.jpg,masks/mask_10-club_7-club_e04371c7.jpg,10-club_7-club
images/5-heart_9-heart_fdcedc2b.jpg,masks/mask_5-heart_9-heart_fdcedc2b.jpg,5-heart_9-heart
images/8-spade_K-heart_36465428.jpg,masks/mask_8-spade_K-heart_36465428.jpg,8-spade_K-heart
images/8-diamond_8-diamond_bfae326e.jpg,masks/mask_8-diamond_8-diamond_bfae326e.jpg,8-diamond_8-diamond
images/8-club_3-diamond_cc1d3094.jpg,masks/mask_8-club_3-diamond_cc1d3094.jpg,8-club_3-diamond
images/10-diamond_10-heart_3fbfce59.jpg,masks/mask_10-diamond_10-heart_3fbfce59.jpg,10-diamond_10-heart
images/Q-club_8-diamond_b59af264.jpg,masks/mask_Q-club_8-diamond_b59af264.jpg,Q-club_8-diamond
images/10-spade_8-club_fff3d71f.jpg,masks/mask_10-spade_8-club_fff3d71f.jpg,10-spade_8-club
images/9-heart_Q-club_3f51a2c9.jpg,masks/mask_9-heart_Q-club_3f51a2c9.jpg,9-heart_Q-club
images/6-heart_A-diamond_342025c8.jpg,masks/mask_6-heart_A-diamond_342025c8.jpg,6-heart_A-diamond
images/9-heart_9-heart_3308253c.jpg,masks/mask_9-heart_9-heart_3308253c.jpg,9-heart_9-heart
images/A-spade_4-heart_7fcb8a41.jpg,masks/mask_A-spade_4-heart_7fcb8a41.jpg,A-spade_4-heart
images/3-club_3-heart_d3853b70.jpg,masks/mask_3-club_3-heart_d3853b70.jpg,3-club_3-heart
images/10-club_A-diamond_552a174c.jpg,masks/mask_10-club_A-diamond_552a174c.jpg,10-club_A-diamond
images/4-club_J-diamond_8db29b74.jpg,masks/mask_4-club_J-diamond_8db29b74.jpg,4-club_J-diamond
images/5-club_10-spade_1b84beec.jpg,masks/mask_5-club_10-spade_1b84beec.jpg,5-club_10-spade
images/9-spade_3-club_e1a0175a.jpg,masks/mask_9-spade_3-club_e1a0175a.jpg,9-spade_3-club
images/5-heart_A-club_4adaea2c.jpg,masks/mask_5-heart_A-club_4adaea2c.jpg,5-heart_A-club
images/9-spade_4-club_0bf18ef6.jpg,masks/mask_9-spade_4-club_0bf18ef6.jpg,9-spade_4-club
images/4-club_K-club_cb5ab9d9.jpg,masks/mask_4-club_K-club_cb5ab9d9.jpg,4-club_K-club
images/9-spade_J-club_cf5c43d9.jpg,masks/mask_9-spade_J-club_cf5c43d9.jpg,9-spade_J-club
images/2-diamond_6-diamond_fc288b3a.jpg,masks/mask_2-diamond_6-diamond_fc288b3a.jpg,2-diamond_6-diamond
images/3-heart_Q-club_65fb29ee.jpg,masks/mask_3-heart_Q-club_65fb29ee.jpg,3-heart_Q-club
images/9-spade_2-heart_ab6928d4.jpg,masks/mask_9-spade_2-heart_ab6928d4.jpg,9-spade_2-heart
images/K-club_A-club_df3aa3d5.jpg,masks/mask_K-club_A-club_df3aa3d5.jpg,K-club_A-club
images/6-spade_9-heart_d361e158.jpg,masks/mask_6-spade_9-heart_d361e158.jpg,6-spade_9-heart
images/A-diamond_5-diamond_1a920c80.jpg,masks/mask_A-diamond_5-diamond_1a920c80.jpg,A-diamond_5-diamond
images/3-heart_Q-diamond_5f34e310.jpg,masks/mask_3-heart_Q-diamond_5f34e310.jpg,3-heart_Q-diamond
images/6-club_9-diamond_4707978f.jpg,masks/mask_6-club_9-diamond_4707978f.jpg,6-club_9-diamond
images/7-diamond_A-spade_3b591844.jpg,masks/mask_7-diamond_A-spade_3b591844.jpg,7-diamond_A-spade
images/9-diamond_5-diamond_f2ff0990.jpg,masks/mask_9-diamond_5-diamond_f2ff0990.jpg,9-diamond_5-diamond
images/4-diamond_7-spade_49138e67.jpg,masks/mask_4-diamond_7-spade_49138e67.jpg,4-diamond_7-spade
images/6-spade_Q-diamond_3f98e80e.jpg,masks/mask_6-spade_Q-diamond_3f98e80e.jpg,6-spade_Q-diamond
images/7-heart_7-heart_40524c8a.jpg,masks/mask_7-heart_7-heart_40524c8a.jpg,7-heart_7-heart
images/J-spade_K-diamond_7ac8d4c8.jpg,masks/mask_J-spade_K-diamond_7ac8d4c8.jpg,J-spade_K-diamond
images/9-spade_4-heart_4f307ad3.jpg,masks/mask_9-spade_4-heart_4f307ad3.jpg,9-spade_4-heart
images/K-heart_9-heart_7e96d233.jpg,masks/mask_K-heart_9-heart_7e96d233.jpg,K-heart_9-heart
images/5-spade_Q-diamond_643f1216.jpg,masks/mask_5-spade_Q-diamond_643f1216.jpg,5-spade_Q-diamond
images/9-diamond_8-spade_be1f997b.jpg,masks/mask_9-diamond_8-spade_be1f997b.jpg,9-diamond_8-spade
images/4-spade_6-club_69e0df14.jpg,masks/mask_4-spade_6-club_69e0df14.jpg,4-spade_6-club
images/3-club_9-diamond_4492e1ab.jpg,masks/mask_3-club_9-diamond_4492e1ab.jpg,3-club_9-diamond
images/8-diamond_4-heart_c8e90036.jpg,masks/mask_8-diamond_4-heart_c8e90036.jpg,8-diamond_4-heart
images/2-diamond_6-spade_b778accd.jpg,masks/mask_2-diamond_6-spade_b778accd.jpg,2-diamond_6-spade
images/2-diamond_2-club_3828c84b.jpg,masks/mask_2-diamond_2-club_3828c84b.jpg,2-diamond_2-club
images/8-spade_9-club_0f6184f5.jpg,masks/mask_8-spade_9-club_0f6184f5.jpg,8-spade_9-club
images/6-heart_9-club_95cc7595.jpg,masks/mask_6-heart_9-club_95cc7595.jpg,6-heart_9-club
images/Q-heart_Q-heart_638cfc94.jpg,masks/mask_Q-heart_Q-heart_638cfc94.jpg,Q-heart_Q-heart
images/5-spade_6-club_bc3933ec.jpg,masks/mask_5-spade_6-club_bc3933ec.jpg,5-spade_6-club
images/9-spade_4-heart_1e961821.jpg,masks/mask_9-spade_4-heart_1e961821.jpg,9-spade_4-heart
images/4-heart_10-diamond_c602f8e8.jpg,masks/mask_4-heart_10-diamond_c602f8e8.jpg,4-heart_10-diamond
images/9-diamond_A-spade_e23640c8.jpg,masks/mask_9-diamond_A-spade_e23640c8.jpg,9-diamond_A-spade
images/8-heart_5-diamond_66c70139.jpg,masks/mask_8-heart_5-diamond_66c70139.jpg,8-heart_5-diamond
images/J-diamond_J-diamond_f60b569b.jpg,masks/mask_J-diamond_J-diamond_f60b569b.jpg,J-diamond_J-diamond
images/6-heart_A-club_c84d143a.jpg,masks/mask_6-heart_A-club_c84d143a.jpg,6-heart_A-club
images/10-spade_6-spade_cab1f3ab.jpg,masks/mask_10-spade_6-spade_cab1f3ab.jpg,10-spade_6-spade
images/8-heart_4-diamond_cfc85cf7.jpg,masks/mask_8-heart_4-diamond_cfc85cf7.jpg,8-heart_4-diamond
images/K-spade_2-heart_7356faaa.jpg,masks/mask_K-spade_2-heart_7356faaa.jpg,K-spade_2-heart
images/3-spade_4-diamond_d3d7de56.jpg,masks/mask_3-spade_4-diamond_d3d7de56.jpg,3-spade_4-diamond
images/6-heart_9-diamond_c1091955.jpg,masks/mask_6-heart_9-diamond_c1091955.jpg,6-heart_9-diamond
images/A-heart_8-club_a48ae80f.jpg,masks/mask_A-heart_8-club_a48ae80f.jpg,A-heart_8-club
images/8-club_Q-spade_58af5e5e.jpg,masks/mask_8-club_Q-spade_58af5e5e.jpg,8-club_Q-spade
images/3-club_Q-diamond_f07c2b5a.jpg,masks/mask_3-club_Q-diamond_f07c2b5a.jpg,3-club_Q-diamond
images/A-diamond_7-club_82dfd2b8.jpg,masks/mask_A-diamond_7-club_82dfd2b8.jpg,A-diamond_7-club
images/10-diamond_6-heart_55d82598.jpg,masks/mask_10-diamond_6-heart_55d82598.jpg,10-diamond_6-heart
images/A-club_A-spade_fcf20431.jpg,masks/mask_A-club_A-spade_fcf20431.jpg,A-club_A-spade
images/Q-club_K-spade_95853cc3.jpg,masks/mask_Q-club_K-spade_95853cc3.jpg,Q-club_K-spade
images/K-club_6-club_5bcdd900.jpg,masks/mask_K-club_6-club_5bcdd900.jpg,K-club_6-club
images/3-spade_J-heart_7c585b76.jpg,masks/mask_3-spade_J-heart_7c585b76.jpg,3-spade_J-heart
images/2-club_3-heart_765cdea6.jpg,masks/mask_2-club_3-heart_765cdea6.jpg,2-club_3-heart
images/3-diamond_3-diamond_36f5f6d0.jpg,masks/mask_3-diamond_3-diamond_36f5f6d0.jpg,3-diamond_3-diamond
images/J-spade_6-diamond_07865f9a.jpg,masks/mask_J-spade_6-diamond_07865f9a.jpg,J-spade_6-diamond
images/6-club_2-diamond_24474e90.jpg,masks/mask_6-club_2-diamond_24474e90.jpg,6-club_2-diamond
images/6-diamond_3-diamond_a435c6cd.jpg,masks/mask_6-diamond_3-diamond_a435c6cd.jpg,6-diamond_3-diamond
images/4-club_10-diamond_66a05a93.jpg,masks/mask_4-club_10-diamond_66a05a93.jpg,4-club_10-diamond
images/8-club_4-club_5dfe4827.jpg,masks/mask_8-club_4-club_5dfe4827.jpg,8-club_4-club
images/4-heart_4-heart_1021e725.jpg,masks/mask_4-heart_4-heart_1021e725.jpg,4-heart_4-heart
images/A-heart_10-heart_87267861.jpg,masks/mask_A-heart_10-heart_87267861.jpg,A-heart_10-heart
images/2-diamond_9-heart_ec6a5ae2.jpg,masks/mask_2-diamond_9-heart_ec6a5ae2.jpg,2-diamond_9-heart
images/K-heart_A-spade_fd8a6a3e.jpg,masks/mask_K-heart_A-spade_fd8a6a3e.jpg,K-heart_A-spade
images/J-diamond_9-diamond_e8b4b63e.jpg,masks/mask_J-diamond_9-diamond_e8b4b63e.jpg,J-diamond_9-diamond
images/A-club_7-diamond_375da092.jpg,masks/mask_A-club_7-diamond_375da092.jpg,A-club_7-diamond
images/4-diamond_Q-diamond_80d87d47.jpg,masks/mask_4-diamond_Q-diamond_80d87d47.jpg,4-diamond_Q-diamond
images/4-heart_10-club_54795a66.jpg,masks/mask_4-heart_10-club_54795a66.jpg,4-heart_10-club
images/A-club_A-diamond_a7e6bae9.jpg,masks/mask_A-club_A-diamond_a7e6bae9.jpg,A-club_A-diamond
images/10-spade_Q-heart_f1c2d029.jpg,masks/mask_10-spade_Q-heart_f1c2d029.jpg,10-spade_Q-heart
images/2-heart_2-diamond_7a1b7623.jpg,masks/mask_2-heart_2-diamond_7a1b7623.jpg,2-heart_2-diamond
images/4-diamond_Q-diamond_31424109.jpg,masks/mask_4-diamond_Q-diamond_31424109.jpg,4-diamond_Q-diamond
images/6-spade_A-diamond_ab0ba45a.jpg,masks/mask_6-spade_A-diamond_ab0ba45a.jpg,6-spade_A-diamond
images/Q-spade_4-heart_8ae94695.jpg,masks/mask_Q-spade_4-heart_8ae94695.jpg,Q-spade_4-heart
images/10-club_8-spade_271d7a4d.jpg,masks/mask_10-club_8-spade_271d7a4d.jpg,10-club_8-spade
images/9-heart_5-heart_8e3eccc2.jpg,masks/mask_9-heart_5-heart_8e3eccc2.jpg,9-heart_5-heart
images/K-heart_3-heart_b819272d.jpg,masks/mask_K-heart_3-heart_b819272d.jpg,K-heart_3-heart
images/Q-spade_7-club_e5a5d765.jpg,masks/mask_Q-spade_7-club_e5a5d765.jpg,Q-spade_7-club
images/2-heart_Q-spade_f0e4d7a3.jpg,masks/mask_2-heart_Q-spade_f0e4d7a3.jpg,2-heart_Q-spade
images/4-diamond_10-spade_98f02ebb.jpg,masks/mask_4-diamond_10-spade_98f02ebb.jpg,4-diamond_10-spade
images/J-club_6-club_a3e08514.jpg,masks/mask_J-club_6-club_a3e08514.jpg,J-club_6-club
images/J-diamond_4-heart_31e423d3.jpg,masks/mask_J-diamond_4-heart_31e423d3.jpg,J-diamond_4-heart
images/8-club_3-diamond_b4a222cf.jpg,masks/mask_8-club_3-diamond_b4a222cf.jpg,8-club_3-diamond
images/A-diamond_Q-spade_0f656e8b.jpg,masks/mask_A-diamond_Q-spade_0f656e8b.jpg,A-diamond_Q-spade
images/4-diamond_K-diamond_06b07888.jpg,masks/mask_4-diamond_K-diamond_06b07888.jpg,4-diamond_K-diamond
images/Q-diamond_J-heart_e8a09e58.jpg,masks/mask_Q-diamond_J-heart_e8a09e58.jpg,Q-diamond_J-heart
images/3-spade_7-heart_79ce8eb9.jpg,masks/mask_3-spade_7-heart_79ce8eb9.jpg,3-spade_7-heart
images/K-spade_2-spade_00942850.jpg,masks/mask_K-spade_2-spade_00942850.jpg,K-spade_2-spade
images/7-spade_6-spade_280df9c1.jpg,masks/mask_7-spade_6-spade_280df9c1.jpg,7-spade_6-spade
images/J-diamond_5-spade_37c15217.jpg,masks/mask_J-diamond_5-spade_37c15217.jpg,J-diamond_5-spade
images/A-heart_Q-spade_f1171d63.jpg,masks/mask_A-heart_Q-spade_f1171d63.jpg,A-heart_Q-spade
images/4-heart_9-spade_0440c55b.jpg,masks/mask_4-heart_9-spade_0440c55b.jpg,4-heart_9-spade
images/3-club_K-spade_6dbed0f0.jpg,masks/mask_3-club_K-spade_6dbed0f0.jpg,3-club_K-spade
images/8-spade_J-spade_87d5577b.jpg,masks/mask_8-spade_J-spade_87d5577b.jpg,8-spade_J-spade
images/2-club_6-heart_51b5d124.jpg,masks/mask_2-club_6-heart_51b5d124.jpg,2-club_6-heart
images/8-diamond_K-club_cb6adad4.jpg,masks/mask_8-diamond_K-club_cb6adad4.jpg,8-diamond_K-club
images/6-diamond_10-heart_c8023ce8.jpg,masks/mask_6-diamond_10-heart_c8023ce8.jpg,6-diamond_10-heart
images/K-club_K-heart_0f7d1539.jpg,masks/mask_K-club_K-heart_0f7d1539.jpg,K-club_K-heart
images/9-diamond_10-diamond_64de4aba.jpg,masks/mask_9-diamond_10-diamond_64de4aba.jpg,9-diamond_10-diamond
images/3-heart_3-spade_1ca7aaea.jpg,masks/mask_3-heart_3-spade_1ca7aaea.jpg,3-heart_3-spade
images/5-diamond_5-club_ba5ab496.jpg,masks/mask_5-diamond_5-club_ba5ab496.jpg,5-diamond_5-club
images/5-club_K-heart_47742706.jpg,masks/mask_5-club_K-heart_47742706.jpg,5-club_K-heart
images/6-heart_K-spade_f87224f0.jpg,masks/mask_6-heart_K-spade_f87224f0.jpg,6-heart_K-spade
images/2-club_J-club_99fa495b.jpg,masks/mask_2-club_J-club_99fa495b.jpg,2-club_J-club
images/8-club_A-diamond_3c027043.jpg,masks/mask_8-club_A-diamond_3c027043.jpg,8-club_A-diamond
images/7-diamond_A-spade_c7b7d029.jpg,masks/mask_7-diamond_A-spade_c7b7d029.jpg,7-diamond_A-spade
images/6-club_4-heart_9fb8a211.jpg,masks/mask_6-club_4-heart_9fb8a211.jpg,6-club_4-heart
images/Q-club_3-heart_781e0f23.jpg,masks/mask_Q-club_3-heart_781e0f23.jpg,Q-club_3-heart
images/8-diamond_2-club_1ae31d08.jpg,masks/mask_8-diamond_2-club_1ae31d08.jpg,8-diamond_2-club
images/3-spade_10-diamond_a070d1a4.jpg,masks/mask_3-spade_10-diamond_a070d1a4.jpg,3-spade_10-diamond
images/9-diamond_J-club_ec180128.jpg,masks/mask_9-diamond_J-club_ec180128.jpg,9-diamond_J-club
images/9-spade_8-spade_8f6379a9.jpg,masks/mask_9-spade_8-spade_8f6379a9.jpg,9-spade_8-spade
images/Q-diamond_4-club_5599f88b.jpg,masks/mask_Q-diamond_4-club_5599f88b.jpg,Q-diamond_4-club
images/5-heart_Q-heart_c3508af2.jpg,masks/mask_5-heart_Q-heart_c3508af2.jpg,5-heart_Q-heart
images/3-diamond_4-club_ec84521f.jpg,masks/mask_3-diamond_4-club_ec84521f.jpg,3-diamond_4-club
images/5-club_8-heart_59383073.jpg,masks/mask_5-club_8-heart_59383073.jpg,5-club_8-heart
images/9-spade_10-diamond_1ff8fdd2.jpg,masks/mask_9-spade_10-diamond_1ff8fdd2.jpg,9-spade_10-diamond
images/7-diamond_Q-spade_6563398f.jpg,masks/mask_7-diamond_Q-spade_6563398f.jpg,7-diamond_Q-spade
images/7-club_A-heart_1d0d8c2b.jpg,masks/mask_7-club_A-heart_1d0d8c2b.jpg,7-club_A-heart
images/6-spade_6-diamond_ae97e285.jpg,masks/mask_6-spade_6-diamond_ae97e285.jpg,6-spade_6-diamond
images/3-spade_8-spade_c7edf47a.jpg,masks/mask_3-spade_8-spade_c7edf47a.jpg,3-spade_8-spade
images/10-club_9-club_cf408c0c.jpg,masks/mask_10-club_9-club_cf408c0c.jpg,10-club_9-club
images/6-heart_2-spade_c00de1fd.jpg,masks/mask_6-heart_2-spade_c00de1fd.jpg,6-heart_2-spade
images/9-club_Q-club_a24f111f.jpg,masks/mask_9-club_Q-club_a24f111f.jpg,9-club_Q-club
images/5-spade_4-heart_5a55ee6c.jpg,masks/mask_5-spade_4-heart_5a55ee6c.jpg,5-spade_4-heart
images/5-spade_4-heart_f15f8a7d.jpg,masks/mask_5-spade_4-heart_f15f8a7d.jpg,5-spade_4-heart
images/9-spade_K-club_331e743d.jpg,masks/mask_9-spade_K-club_331e743d.jpg,9-spade_K-club
images/J-club_J-diamond_59ece357.jpg,masks/mask_J-club_J-diamond_59ece357.jpg,J-club_J-diamond
images/J-club_2-heart_9e1bfd1b.jpg,masks/mask_J-club_2-heart_9e1bfd1b.jpg,J-club_2-heart
images/3-heart_7-heart_45bc3f12.jpg,masks/mask_3-heart_7-heart_45bc3f12.jpg,3-heart_7-heart
images/9-club_J-spade_a79edf11.jpg,masks/mask_9-club_J-spade_a79edf11.jpg,9-club_J-spade
images/J-spade_10-spade_9a6195dd.jpg,masks/mask_J-spade_10-spade_9a6195dd.jpg,J-spade_10-spade
images/6-heart_K-heart_d305f50c.jpg,masks/mask_6-heart_K-heart_d305f50c.jpg,6-heart_K-heart
images/5-heart_2-spade_e171f4fb.jpg,masks/mask_5-heart_2-spade_e171f4fb.jpg,5-heart_2-spade
images/4-club_A-club_5f7bc14e.jpg,masks/mask_4-club_A-club_5f7bc14e.jpg,4-club_A-club
images/4-diamond_A-club_ee3d2337.jpg,masks/mask_4-diamond_A-club_ee3d2337.jpg,4-diamond_A-club
images/J-diamond_9-heart_2612f61a.jpg,masks/mask_J-diamond_9-heart_2612f61a.jpg,J-diamond_9-heart
images/5-diamond_2-spade_e1bcf72d.jpg,masks/mask_5-diamond_2-spade_e1bcf72d.jpg,5-diamond_2-spade
images/Q-spade_7-spade_7d265d6a.jpg,masks/mask_Q-spade_7-spade_7d265d6a.jpg,Q-spade_7-spade
images/3-heart_7-club_01e01e04.jpg,masks/mask_3-heart_7-club_01e01e04.jpg,3-heart_7-club
images/9-diamond_10-spade_f793349d.jpg,masks/mask_9-diamond_10-spade_f793349d.jpg,9-diamond_10-spade
images/4-heart_6-heart_ec568265.jpg,masks/mask_4-heart_6-heart_ec568265.jpg,4-heart_6-heart
images/2-spade_6-diamond_44e6cabe.jpg,masks/mask_2-spade_6-diamond_44e6cabe.jpg,2-spade_6-diamond
images/Q-spade_Q-club_8d1337ad.jpg,masks/mask_Q-spade_Q-club_8d1337ad.jpg,Q-spade_Q-club
images/A-club_7-spade_04002c09.jpg,masks/mask_A-club_7-spade_04002c09.jpg,A-club_7-spade
images/K-club_7-heart_b82a798a.jpg,masks/mask_K-club_7-heart_b82a798a.jpg,K-club_7-heart
images/6-heart_6-spade_27edbe75.jpg,masks/mask_6-heart_6-spade_27edbe75.jpg,6-heart_6-spade
images/K-club_6-spade_fc3974d4.jpg,masks/mask_K-club_6-spade_fc3974d4.jpg,K-club_6-spade
images/3-heart_Q-spade_208159f4.jpg,masks/mask_3-heart_Q-spade_208159f4.jpg,3-heart_Q-spade
images/2-heart_K-spade_38f145be.jpg,masks/mask_2-heart_K-spade_38f145be.jpg,2-heart_K-spade
images/A-heart_J-diamond_69bfc193.jpg,masks/mask_A-heart_J-diamond_69bfc193.jpg,A-heart_J-diamond
images/9-spade_8-spade_0620e973.jpg,masks/mask_9-spade_8-spade_0620e973.jpg,9-spade_8-spade
images/K-spade_5-heart_9dec8f55.jpg,masks/mask_K-spade_5-heart_9dec8f55.jpg,K-spade_5-heart
images/A-club_6-club_bbd54498.jpg,masks/mask_A-club_6-club_bbd54498.jpg,A-club_6-club
images/3-club_3-club_cb146091.jpg,masks/mask_3-club_3-club_cb146091.jpg,3-club_3-club
images/3-club_A-heart_e551a00c.jpg,masks/mask_3-club_A-heart_e551a00c.jpg,3-club_A-heart
images/2-diamond_2-spade_1916d89f.jpg,masks/mask_2-diamond_2-spade_1916d89f.jpg,2-diamond_2-spade
images/2-diamond_9-club_9e6fd08c.jpg,masks/mask_2-diamond_9-club_9e6fd08c.jpg,2-diamond_9-club
images/2-diamond_6-spade_cb06b9b0.jpg,masks/mask_2-diamond_6-spade_cb06b9b0.jpg,2-diamond_6-spade
images/7-spade_4-club_c3c78d03.jpg,masks/mask_7-spade_4-club_c3c78d03.jpg,7-spade_4-club
images/10-club_8-diamond_be36b57c.jpg,masks/mask_10-club_8-diamond_be36b57c.jpg,10-club_8-diamond
images/A-heart_8-heart_c11a1dd7.jpg,masks/mask_A-heart_8-heart_c11a1dd7.jpg,A-heart_8-heart
images/K-spade_8-diamond_290a35ba.jpg,masks/mask_K-spade_8-diamond_290a35ba.jpg,K-spade_8-diamond
images/9-club_6-spade_2a82f471.jpg,masks/mask_9-club_6-spade_2a82f471.jpg,9-club_6-spade
images/9-diamond_8-diamond_30068ff1.jpg,masks/mask_9-diamond_8-diamond_30068ff1.jpg,9-diamond_8-diamond
images/A-club_5-spade_c5d5e062.jpg,masks/mask_A-club_5-spade_c5d5e062.jpg,A-club_5-spade
images/K-diamond_Q-club_3cd710eb.jpg,masks/mask_K-diamond_Q-club_3cd710eb.jpg,K-diamond_Q-club
images/5-club_K-spade_c48f852b.jpg,masks/mask_5-club_K-spade_c48f852b.jpg,5-club_K-spade
images/4-diamond_9-heart_3506f442.jpg,masks/mask_4-diamond_9-heart_3506f442.jpg,4-diamond_9-heart
images/5-club_4-spade_3d8f75dc.jpg,masks/mask_5-club_4-spade_3d8f75dc.jpg,5-club_4-spade
images/4-spade_A-club_51ab23ae.jpg,masks/mask_4-spade_A-club_51ab23ae.jpg,4-spade_A-club
images/4-diamond_10-heart_0bdfd627.jpg,masks/mask_4-diamond_10-heart_0bdfd627.jpg,4-diamond_10-heart
images/6-diamond_K-diamond_0811f10c.jpg,masks/mask_6-diamond_K-diamond_0811f10c.jpg,6-diamond_K-diamond
images/4-club_K-diamond_b2af3cf7.jpg,masks/mask_4-club_K-diamond_b2af3cf7.jpg,4-club_K-diamond
images/3-spade_10-diamond_3bf4ce44.jpg,masks/mask_3-spade_10-diamond_3bf4ce44.jpg,3-spade_10-diamond
images/10-club_10-club_05124029.jpg,masks/mask_10-club_10-club_05124029.jpg,10-club_10-club
images/K-spade_5-club_3c55fb03.jpg,masks/mask_K-spade_5-club_3c55fb03.jpg,K-spade_5-club
images/6-spade_4-heart_f27ddb35.jpg,masks/mask_6-spade_4-heart_f27ddb35.jpg,6-spade_4-heart
images/9-club_J-club_5d4ffcfe.jpg,masks/mask_9-club_J-club_5d4ffcfe.jpg,9-club_J-club
images/9-club_K-spade_fd47851c.jpg,masks/mask_9-club_K-spade_fd47851c.jpg,9-club_K-spade
images/2-heart_Q-diamond_b1791f68.jpg,masks/mask_2-heart_Q-diamond_b1791f68.jpg,2-heart_Q-diamond
images/K-heart_A-heart_fe50d868.jpg,masks/mask_K-heart_A-heart_fe50d868.jpg,K-heart_A-heart
images/A-spade_K-diamond_ab7f5fb4.jpg,masks/mask_A-spade_K-diamond_ab7f5fb4.jpg,A-spade_K-diamond
images/8-spade_8-spade_2e319563.jpg,masks/mask_8-spade_8-spade_2e319563.jpg,8-spade_8-spade
images/2-heart_5-diamond_b544df4f.jpg,masks/mask_2-heart_5-diamond_b544df4f.jpg,2-heart_5-diamond
images/Q-spade_Q-club_0ed3cb91.jpg,masks/mask_Q-spade_Q-club_0ed3cb91.jpg,Q-spade_Q-club
images/2-diamond_10-club_33a4523d.jpg,masks/mask_2-diamond_10-club_33a4523d.jpg,2-diamond_10-club
images/K-club_6-heart_0db1ffaa.jpg,masks/mask_K-club_6-heart_0db1ffaa.jpg,K-club_6-heart
images/K-spade_2-spade_bc0894cf.jpg,masks/mask_K-spade_2-spade_bc0894cf.jpg,K-spade_2-spade
images/6-club_10-diamond_30270b22.jpg,masks/mask_6-club_10-diamond_30270b22.jpg,6-club_10-diamond
images/5-spade_8-club_f506616d.jpg,masks/mask_5-spade_8-club_f506616d.jpg,5-spade_8-club
images/2-heart_2-heart_1ce040fa.jpg,masks/mask_2-heart_2-heart_1ce040fa.jpg,2-heart_2-heart
images/9-heart_9-club_2a3e8509.jpg,masks/mask_9-heart_9-club_2a3e8509.jpg,9-heart_9-club
images/J-spade_J-heart_81d9f485.jpg,masks/mask_J-spade_J-heart_81d9f485.jpg,J-spade_J-heart
images/Q-diamond_5-club_abc39573.jpg,masks/mask_Q-diamond_5-club_abc39573.jpg,Q-diamond_5-club
images/A-diamond_3-club_660c6622.jpg,masks/mask_A-diamond_3-club_660c6622.jpg,A-diamond_3-club
images/A-spade_5-heart_b5112d1e.jpg,masks/mask_A-spade_5-heart_b5112d1e.jpg,A-spade_5-heart
